--------------------------------------------------------
-- Archivo creado  - martes-septiembre-06-2022   
--------------------------------------------------------
DROP TABLE "ABONO";
DROP TABLE "PRESTAMO";
DROP TABLE "DEUDOR";
DROP TABLE "BANCO";
DROP VIEW "VALOR_PRESTAMO_AÑO_V1";
DROP VIEW "VALOR_PRESTAMO_MENSUAL_BANCO_V2";
DROP VIEW "SALDO_PRESTAMO_V3";
DROP VIEW "INFO_DEUDOR_V4";
DROP VIEW "CANTIDAD_PRESTAMO_V5";
DROP VIEW "PRESTAMO_AÑO_TOTAL_V6";
DROP VIEW "DEUDOR_TOTAL_BANCOS_V7";
DROP VIEW "PROMEDIO_BANCO_V8";
DROP VIEW "PRESTAMOS_GENERO_V10";
--------------------------------------------------------
--  DDL for Table BANCO
--------------------------------------------------------

CREATE TABLE Banco (

    ID_Banco NUMERIC (10,0) NOT NULL,
    Nombre VARCHAR2(50) NOT NULL,
    
    PRIMARY KEY (ID_Banco),UNIQUE (Nombre)
);
--------------------------------------------------------
--  DDL for Table DEUDOR
--------------------------------------------------------

CREATE TABLE Deudor (
    ID_Deudor NUMERIC (10,0) NOT NULL,
    Nombre VARCHAR2 (50) NOT NULL,
    Tipo_Doc VARCHAR2 (50) NOT NULL, 
    Numero_Doc NUMERIC (10,0) NOT NULL,
    Genero VARCHAR2 (1) NOT NULL,
    
    PRIMARY KEY (ID_DEUDOR),UNIQUE (Tipo_Doc, Numero_Doc),CHECK (Genero IN ('M', 'F'))
);
--------------------------------------------------------
--  DDL for Table PRESTAMO
--------------------------------------------------------

  CREATE TABLE Prestamo (

    ID_Prestamo NUMERIC (10,0) NOT NULL,
    ID_Deudor NUMERIC (10,0) NOT NULL,
    ID_Banco NUMERIC (10,0) NOT NULL,
    Fecha TIMESTAMP DEFAULT SYSDATE,
    Valor_Otorgado NUMERIC (20,0) DEFAULT 0,
    Pagado VARCHAR2 (2) DEFAULT 'NO',
    
    PRIMARY KEY (ID_Prestamo),
    FOREIGN KEY (ID_Banco) references Banco,
    FOREIGN KEY (ID_Deudor) references Deudor,
    UNIQUE (ID_Banco, ID_Deudor, Fecha),
    CHECK (Pagado IN ('SI', 'NO')),
    CHECK (Valor_Otorgado >= 0)
);
--------------------------------------------------------
--  DDL for Table ABONO
--------------------------------------------------------

  CREATE TABLE Abono (
    ID_Abono NUMERIC (10,0) NOT NULL,
    ID_Prestamo NUMERIC (10,0) NOT NULL,
    Fecha TIMESTAMP NOt NULL, 
    Valor_Abono NUMERIC (20,0) NOT NULL,
    
    PRIMARY KEY (ID_Abono),
    FOREIGN KEY (ID_Prestamo) references Prestamo,
    UNIQUE (ID_Prestamo, Fecha)
);

REM INSERTING into BANCO
SET DEFINE OFF;
Insert into BANCO (ID_BANCO,NOMBRE) values ('53','BBVA');
Insert into BANCO (ID_BANCO,NOMBRE) values ('54','Bancamia');
Insert into BANCO (ID_BANCO,NOMBRE) values ('91','BancoBogota');
Insert into BANCO (ID_BANCO,NOMBRE) values ('55','BancoCajSocial');
Insert into BANCO (ID_BANCO,NOMBRE) values ('56','BancoFinandina');
Insert into BANCO (ID_BANCO,NOMBRE) values ('57','BancoPichincha');
Insert into BANCO (ID_BANCO,NOMBRE) values ('58','BancoPopular');
Insert into BANCO (ID_BANCO,NOMBRE) values ('59','BancoSudameris');
Insert into BANCO (ID_BANCO,NOMBRE) values ('60','BancoW');
Insert into BANCO (ID_BANCO,NOMBRE) values ('61','Bancolombia');
Insert into BANCO (ID_BANCO,NOMBRE) values ('62','Bancoomeva');
Insert into BANCO (ID_BANCO,NOMBRE) values ('63','CitiBank');
Insert into BANCO (ID_BANCO,NOMBRE) values ('64','Colpatria');
Insert into BANCO (ID_BANCO,NOMBRE) values ('65','Davivienda');
Insert into BANCO (ID_BANCO,NOMBRE) values ('66','Falabella');
Insert into BANCO (ID_BANCO,NOMBRE) values ('67','Itau');
Insert into BANCO (ID_BANCO,NOMBRE) values ('68','JPMorgan');
Insert into BANCO (ID_BANCO,NOMBRE) values ('69','MiBanco');
Insert into BANCO (ID_BANCO,NOMBRE) values ('70','MundoMujer');
Insert into BANCO (ID_BANCO,NOMBRE) values ('71','Santander');
Insert into BANCO (ID_BANCO,NOMBRE) values ('72','Scotiabank');

REM INSERTING into DEUDOR
SET DEFINE OFF;
Insert into DEUDOR (ID_DEUDOR,NOMBRE,TIPO_DOC,NUMERO_DOC,GENERO) values ('42','Iris','CE','456789023','F');
Insert into DEUDOR (ID_DEUDOR,NOMBRE,TIPO_DOC,NUMERO_DOC,GENERO) values ('21','Juan','CC','1001096579','M');
Insert into DEUDOR (ID_DEUDOR,NOMBRE,TIPO_DOC,NUMERO_DOC,GENERO) values ('22','Pedro','CC','76435890','M');
Insert into DEUDOR (ID_DEUDOR,NOMBRE,TIPO_DOC,NUMERO_DOC,GENERO) values ('23','Luis','CE','7654678','F');
Insert into DEUDOR (ID_DEUDOR,NOMBRE,TIPO_DOC,NUMERO_DOC,GENERO) values ('24','Lucas','CC','1023678468','M');
Insert into DEUDOR (ID_DEUDOR,NOMBRE,TIPO_DOC,NUMERO_DOC,GENERO) values ('25','Juliana','CC','75307558','M');
Insert into DEUDOR (ID_DEUDOR,NOMBRE,TIPO_DOC,NUMERO_DOC,GENERO) values ('26','Andrea','CE','9654367','F');
Insert into DEUDOR (ID_DEUDOR,NOMBRE,TIPO_DOC,NUMERO_DOC,GENERO) values ('27','Nicolas','CC','1006835692','F');
Insert into DEUDOR (ID_DEUDOR,NOMBRE,TIPO_DOC,NUMERO_DOC,GENERO) values ('28','Karen','CC','1038965268','F');
Insert into DEUDOR (ID_DEUDOR,NOMBRE,TIPO_DOC,NUMERO_DOC,GENERO) values ('29','Diana','CE','7654786','M');
Insert into DEUDOR (ID_DEUDOR,NOMBRE,TIPO_DOC,NUMERO_DOC,GENERO) values ('30','Jesus','CE','8765390','M');
Insert into DEUDOR (ID_DEUDOR,NOMBRE,TIPO_DOC,NUMERO_DOC,GENERO) values ('31','Nas','CC','1234567','M');

REM INSERTING into PRESTAMO
SET DEFINE OFF;
Insert into PRESTAMO (ID_PRESTAMO,ID_DEUDOR,ID_BANCO,FECHA,VALOR_OTORGADO,PAGADO) values ('223','21','53',to_timestamp('06/03/08 12:00:00,000000000 AM','DD/MM/RR HH12:MI:SSXFF AM'),'271521','NO');
Insert into PRESTAMO (ID_PRESTAMO,ID_DEUDOR,ID_BANCO,FECHA,VALOR_OTORGADO,PAGADO) values ('224','22','53',to_timestamp('07/08/20 12:00:00,000000000 AM','DD/MM/RR HH12:MI:SSXFF AM'),'991245','SI');
Insert into PRESTAMO (ID_PRESTAMO,ID_DEUDOR,ID_BANCO,FECHA,VALOR_OTORGADO,PAGADO) values ('225','23','53',to_timestamp('05/07/18 12:00:00,000000000 AM','DD/MM/RR HH12:MI:SSXFF AM'),'820316','SI');
Insert into PRESTAMO (ID_PRESTAMO,ID_DEUDOR,ID_BANCO,FECHA,VALOR_OTORGADO,PAGADO) values ('226','24','53',to_timestamp('30/06/04 12:00:00,000000000 AM','DD/MM/RR HH12:MI:SSXFF AM'),'921314','SI');
Insert into PRESTAMO (ID_PRESTAMO,ID_DEUDOR,ID_BANCO,FECHA,VALOR_OTORGADO,PAGADO) values ('227','25','53',to_timestamp('21/12/07 12:00:00,000000000 AM','DD/MM/RR HH12:MI:SSXFF AM'),'13378','SI');
Insert into PRESTAMO (ID_PRESTAMO,ID_DEUDOR,ID_BANCO,FECHA,VALOR_OTORGADO,PAGADO) values ('228','26','53',to_timestamp('04/06/02 12:00:00,000000000 AM','DD/MM/RR HH12:MI:SSXFF AM'),'109701','NO');
Insert into PRESTAMO (ID_PRESTAMO,ID_DEUDOR,ID_BANCO,FECHA,VALOR_OTORGADO,PAGADO) values ('229','27','53',to_timestamp('14/01/10 12:00:00,000000000 AM','DD/MM/RR HH12:MI:SSXFF AM'),'670562','SI');
Insert into PRESTAMO (ID_PRESTAMO,ID_DEUDOR,ID_BANCO,FECHA,VALOR_OTORGADO,PAGADO) values ('230','28','53',to_timestamp('23/01/12 12:00:00,000000000 AM','DD/MM/RR HH12:MI:SSXFF AM'),'356153','NO');
Insert into PRESTAMO (ID_PRESTAMO,ID_DEUDOR,ID_BANCO,FECHA,VALOR_OTORGADO,PAGADO) values ('231','29','53',to_timestamp('18/12/09 12:00:00,000000000 AM','DD/MM/RR HH12:MI:SSXFF AM'),'67989','NO');
Insert into PRESTAMO (ID_PRESTAMO,ID_DEUDOR,ID_BANCO,FECHA,VALOR_OTORGADO,PAGADO) values ('232','30','53',to_timestamp('14/10/19 12:00:00,000000000 AM','DD/MM/RR HH12:MI:SSXFF AM'),'665996','SI');
Insert into PRESTAMO (ID_PRESTAMO,ID_DEUDOR,ID_BANCO,FECHA,VALOR_OTORGADO,PAGADO) values ('233','31','53',to_timestamp('04/12/07 12:00:00,000000000 AM','DD/MM/RR HH12:MI:SSXFF AM'),'521447','NO');
Insert into PRESTAMO (ID_PRESTAMO,ID_DEUDOR,ID_BANCO,FECHA,VALOR_OTORGADO,PAGADO) values ('234','21','54',to_timestamp('06/07/18 12:00:00,000000000 AM','DD/MM/RR HH12:MI:SSXFF AM'),'74694','NO');
Insert into PRESTAMO (ID_PRESTAMO,ID_DEUDOR,ID_BANCO,FECHA,VALOR_OTORGADO,PAGADO) values ('235','22','54',to_timestamp('23/07/22 12:00:00,000000000 AM','DD/MM/RR HH12:MI:SSXFF AM'),'277773','SI');
Insert into PRESTAMO (ID_PRESTAMO,ID_DEUDOR,ID_BANCO,FECHA,VALOR_OTORGADO,PAGADO) values ('236','23','54',to_timestamp('28/04/05 12:00:00,000000000 AM','DD/MM/RR HH12:MI:SSXFF AM'),'759913','NO');
Insert into PRESTAMO (ID_PRESTAMO,ID_DEUDOR,ID_BANCO,FECHA,VALOR_OTORGADO,PAGADO) values ('237','24','54',to_timestamp('03/11/18 12:00:00,000000000 AM','DD/MM/RR HH12:MI:SSXFF AM'),'982771','SI');
Insert into PRESTAMO (ID_PRESTAMO,ID_DEUDOR,ID_BANCO,FECHA,VALOR_OTORGADO,PAGADO) values ('238','25','54',to_timestamp('04/11/20 12:00:00,000000000 AM','DD/MM/RR HH12:MI:SSXFF AM'),'786483','NO');
Insert into PRESTAMO (ID_PRESTAMO,ID_DEUDOR,ID_BANCO,FECHA,VALOR_OTORGADO,PAGADO) values ('239','26','54',to_timestamp('25/06/18 12:00:00,000000000 AM','DD/MM/RR HH12:MI:SSXFF AM'),'621769','NO');
Insert into PRESTAMO (ID_PRESTAMO,ID_DEUDOR,ID_BANCO,FECHA,VALOR_OTORGADO,PAGADO) values ('240','27','54',to_timestamp('05/07/07 12:00:00,000000000 AM','DD/MM/RR HH12:MI:SSXFF AM'),'490817','SI');
Insert into PRESTAMO (ID_PRESTAMO,ID_DEUDOR,ID_BANCO,FECHA,VALOR_OTORGADO,PAGADO) values ('241','28','54',to_timestamp('13/07/22 12:00:00,000000000 AM','DD/MM/RR HH12:MI:SSXFF AM'),'800511','NO');
Insert into PRESTAMO (ID_PRESTAMO,ID_DEUDOR,ID_BANCO,FECHA,VALOR_OTORGADO,PAGADO) values ('242','29','54',to_timestamp('08/07/11 12:00:00,000000000 AM','DD/MM/RR HH12:MI:SSXFF AM'),'781717','SI');
Insert into PRESTAMO (ID_PRESTAMO,ID_DEUDOR,ID_BANCO,FECHA,VALOR_OTORGADO,PAGADO) values ('243','30','54',to_timestamp('04/08/14 12:00:00,000000000 AM','DD/MM/RR HH12:MI:SSXFF AM'),'166274','NO');
Insert into PRESTAMO (ID_PRESTAMO,ID_DEUDOR,ID_BANCO,FECHA,VALOR_OTORGADO,PAGADO) values ('244','31','54',to_timestamp('14/03/17 12:00:00,000000000 AM','DD/MM/RR HH12:MI:SSXFF AM'),'15062','SI');
Insert into PRESTAMO (ID_PRESTAMO,ID_DEUDOR,ID_BANCO,FECHA,VALOR_OTORGADO,PAGADO) values ('245','21','55',to_timestamp('04/07/00 12:00:00,000000000 AM','DD/MM/RR HH12:MI:SSXFF AM'),'346852','NO');
Insert into PRESTAMO (ID_PRESTAMO,ID_DEUDOR,ID_BANCO,FECHA,VALOR_OTORGADO,PAGADO) values ('246','22','55',to_timestamp('21/01/11 12:00:00,000000000 AM','DD/MM/RR HH12:MI:SSXFF AM'),'341849','SI');
Insert into PRESTAMO (ID_PRESTAMO,ID_DEUDOR,ID_BANCO,FECHA,VALOR_OTORGADO,PAGADO) values ('247','23','55',to_timestamp('28/08/03 12:00:00,000000000 AM','DD/MM/RR HH12:MI:SSXFF AM'),'274138','SI');
Insert into PRESTAMO (ID_PRESTAMO,ID_DEUDOR,ID_BANCO,FECHA,VALOR_OTORGADO,PAGADO) values ('248','24','55',to_timestamp('28/09/06 12:00:00,000000000 AM','DD/MM/RR HH12:MI:SSXFF AM'),'451726','NO');
Insert into PRESTAMO (ID_PRESTAMO,ID_DEUDOR,ID_BANCO,FECHA,VALOR_OTORGADO,PAGADO) values ('249','25','55',to_timestamp('08/12/04 12:00:00,000000000 AM','DD/MM/RR HH12:MI:SSXFF AM'),'254961','SI');
Insert into PRESTAMO (ID_PRESTAMO,ID_DEUDOR,ID_BANCO,FECHA,VALOR_OTORGADO,PAGADO) values ('250','26','55',to_timestamp('03/07/09 12:00:00,000000000 AM','DD/MM/RR HH12:MI:SSXFF AM'),'204067','NO');
Insert into PRESTAMO (ID_PRESTAMO,ID_DEUDOR,ID_BANCO,FECHA,VALOR_OTORGADO,PAGADO) values ('251','27','55',to_timestamp('11/05/13 12:00:00,000000000 AM','DD/MM/RR HH12:MI:SSXFF AM'),'343689','NO');
Insert into PRESTAMO (ID_PRESTAMO,ID_DEUDOR,ID_BANCO,FECHA,VALOR_OTORGADO,PAGADO) values ('252','28','55',to_timestamp('16/09/12 12:00:00,000000000 AM','DD/MM/RR HH12:MI:SSXFF AM'),'324779','SI');
Insert into PRESTAMO (ID_PRESTAMO,ID_DEUDOR,ID_BANCO,FECHA,VALOR_OTORGADO,PAGADO) values ('253','29','55',to_timestamp('31/08/20 12:00:00,000000000 AM','DD/MM/RR HH12:MI:SSXFF AM'),'638961','NO');
Insert into PRESTAMO (ID_PRESTAMO,ID_DEUDOR,ID_BANCO,FECHA,VALOR_OTORGADO,PAGADO) values ('254','30','55',to_timestamp('18/09/20 12:00:00,000000000 AM','DD/MM/RR HH12:MI:SSXFF AM'),'993824','SI');
Insert into PRESTAMO (ID_PRESTAMO,ID_DEUDOR,ID_BANCO,FECHA,VALOR_OTORGADO,PAGADO) values ('255','31','55',to_timestamp('24/10/01 12:00:00,000000000 AM','DD/MM/RR HH12:MI:SSXFF AM'),'853721','NO');
Insert into PRESTAMO (ID_PRESTAMO,ID_DEUDOR,ID_BANCO,FECHA,VALOR_OTORGADO,PAGADO) values ('256','21','56',to_timestamp('11/09/00 12:00:00,000000000 AM','DD/MM/RR HH12:MI:SSXFF AM'),'407395','NO');
Insert into PRESTAMO (ID_PRESTAMO,ID_DEUDOR,ID_BANCO,FECHA,VALOR_OTORGADO,PAGADO) values ('257','22','56',to_timestamp('13/10/19 12:00:00,000000000 AM','DD/MM/RR HH12:MI:SSXFF AM'),'976668','SI');
Insert into PRESTAMO (ID_PRESTAMO,ID_DEUDOR,ID_BANCO,FECHA,VALOR_OTORGADO,PAGADO) values ('258','23','56',to_timestamp('19/07/16 12:00:00,000000000 AM','DD/MM/RR HH12:MI:SSXFF AM'),'628705','SI');
Insert into PRESTAMO (ID_PRESTAMO,ID_DEUDOR,ID_BANCO,FECHA,VALOR_OTORGADO,PAGADO) values ('259','24','56',to_timestamp('08/03/21 12:00:00,000000000 AM','DD/MM/RR HH12:MI:SSXFF AM'),'211836','NO');
Insert into PRESTAMO (ID_PRESTAMO,ID_DEUDOR,ID_BANCO,FECHA,VALOR_OTORGADO,PAGADO) values ('260','25','56',to_timestamp('30/08/00 12:00:00,000000000 AM','DD/MM/RR HH12:MI:SSXFF AM'),'927469','SI');
Insert into PRESTAMO (ID_PRESTAMO,ID_DEUDOR,ID_BANCO,FECHA,VALOR_OTORGADO,PAGADO) values ('261','26','56',to_timestamp('14/06/18 12:00:00,000000000 AM','DD/MM/RR HH12:MI:SSXFF AM'),'233085','SI');
Insert into PRESTAMO (ID_PRESTAMO,ID_DEUDOR,ID_BANCO,FECHA,VALOR_OTORGADO,PAGADO) values ('262','27','56',to_timestamp('16/01/15 12:00:00,000000000 AM','DD/MM/RR HH12:MI:SSXFF AM'),'319608','NO');
Insert into PRESTAMO (ID_PRESTAMO,ID_DEUDOR,ID_BANCO,FECHA,VALOR_OTORGADO,PAGADO) values ('263','28','56',to_timestamp('28/04/19 12:00:00,000000000 AM','DD/MM/RR HH12:MI:SSXFF AM'),'934174','SI');
Insert into PRESTAMO (ID_PRESTAMO,ID_DEUDOR,ID_BANCO,FECHA,VALOR_OTORGADO,PAGADO) values ('264','29','56',to_timestamp('30/08/16 12:00:00,000000000 AM','DD/MM/RR HH12:MI:SSXFF AM'),'401715','NO');
Insert into PRESTAMO (ID_PRESTAMO,ID_DEUDOR,ID_BANCO,FECHA,VALOR_OTORGADO,PAGADO) values ('265','30','56',to_timestamp('11/08/14 12:00:00,000000000 AM','DD/MM/RR HH12:MI:SSXFF AM'),'241407','NO');
Insert into PRESTAMO (ID_PRESTAMO,ID_DEUDOR,ID_BANCO,FECHA,VALOR_OTORGADO,PAGADO) values ('266','31','56',to_timestamp('12/04/22 12:00:00,000000000 AM','DD/MM/RR HH12:MI:SSXFF AM'),'328207','SI');
Insert into PRESTAMO (ID_PRESTAMO,ID_DEUDOR,ID_BANCO,FECHA,VALOR_OTORGADO,PAGADO) values ('267','21','57',to_timestamp('21/02/06 12:00:00,000000000 AM','DD/MM/RR HH12:MI:SSXFF AM'),'90549','NO');
Insert into PRESTAMO (ID_PRESTAMO,ID_DEUDOR,ID_BANCO,FECHA,VALOR_OTORGADO,PAGADO) values ('268','22','57',to_timestamp('10/04/13 12:00:00,000000000 AM','DD/MM/RR HH12:MI:SSXFF AM'),'149506','SI');
Insert into PRESTAMO (ID_PRESTAMO,ID_DEUDOR,ID_BANCO,FECHA,VALOR_OTORGADO,PAGADO) values ('269','23','57',to_timestamp('02/04/02 12:00:00,000000000 AM','DD/MM/RR HH12:MI:SSXFF AM'),'523953','SI');
Insert into PRESTAMO (ID_PRESTAMO,ID_DEUDOR,ID_BANCO,FECHA,VALOR_OTORGADO,PAGADO) values ('270','24','57',to_timestamp('21/07/08 12:00:00,000000000 AM','DD/MM/RR HH12:MI:SSXFF AM'),'589981','NO');
Insert into PRESTAMO (ID_PRESTAMO,ID_DEUDOR,ID_BANCO,FECHA,VALOR_OTORGADO,PAGADO) values ('271','25','57',to_timestamp('02/02/19 12:00:00,000000000 AM','DD/MM/RR HH12:MI:SSXFF AM'),'725764','SI');
Insert into PRESTAMO (ID_PRESTAMO,ID_DEUDOR,ID_BANCO,FECHA,VALOR_OTORGADO,PAGADO) values ('272','26','57',to_timestamp('16/08/21 12:00:00,000000000 AM','DD/MM/RR HH12:MI:SSXFF AM'),'577677','NO');
Insert into PRESTAMO (ID_PRESTAMO,ID_DEUDOR,ID_BANCO,FECHA,VALOR_OTORGADO,PAGADO) values ('273','27','57',to_timestamp('08/08/02 12:00:00,000000000 AM','DD/MM/RR HH12:MI:SSXFF AM'),'932489','SI');
Insert into PRESTAMO (ID_PRESTAMO,ID_DEUDOR,ID_BANCO,FECHA,VALOR_OTORGADO,PAGADO) values ('274','28','57',to_timestamp('24/02/07 12:00:00,000000000 AM','DD/MM/RR HH12:MI:SSXFF AM'),'765950','SI');
Insert into PRESTAMO (ID_PRESTAMO,ID_DEUDOR,ID_BANCO,FECHA,VALOR_OTORGADO,PAGADO) values ('275','29','57',to_timestamp('08/07/10 12:00:00,000000000 AM','DD/MM/RR HH12:MI:SSXFF AM'),'517332','NO');
Insert into PRESTAMO (ID_PRESTAMO,ID_DEUDOR,ID_BANCO,FECHA,VALOR_OTORGADO,PAGADO) values ('276','30','57',to_timestamp('15/07/00 12:00:00,000000000 AM','DD/MM/RR HH12:MI:SSXFF AM'),'713091','SI');
Insert into PRESTAMO (ID_PRESTAMO,ID_DEUDOR,ID_BANCO,FECHA,VALOR_OTORGADO,PAGADO) values ('277','31','57',to_timestamp('03/03/18 12:00:00,000000000 AM','DD/MM/RR HH12:MI:SSXFF AM'),'205559','NO');
Insert into PRESTAMO (ID_PRESTAMO,ID_DEUDOR,ID_BANCO,FECHA,VALOR_OTORGADO,PAGADO) values ('278','21','58',to_timestamp('04/07/06 12:00:00,000000000 AM','DD/MM/RR HH12:MI:SSXFF AM'),'614933','NO');
Insert into PRESTAMO (ID_PRESTAMO,ID_DEUDOR,ID_BANCO,FECHA,VALOR_OTORGADO,PAGADO) values ('279','22','58',to_timestamp('21/07/18 12:00:00,000000000 AM','DD/MM/RR HH12:MI:SSXFF AM'),'913412','SI');
Insert into PRESTAMO (ID_PRESTAMO,ID_DEUDOR,ID_BANCO,FECHA,VALOR_OTORGADO,PAGADO) values ('280','23','58',to_timestamp('26/06/01 12:00:00,000000000 AM','DD/MM/RR HH12:MI:SSXFF AM'),'41150','SI');
Insert into PRESTAMO (ID_PRESTAMO,ID_DEUDOR,ID_BANCO,FECHA,VALOR_OTORGADO,PAGADO) values ('281','24','58',to_timestamp('02/06/13 12:00:00,000000000 AM','DD/MM/RR HH12:MI:SSXFF AM'),'694615','SI');
Insert into PRESTAMO (ID_PRESTAMO,ID_DEUDOR,ID_BANCO,FECHA,VALOR_OTORGADO,PAGADO) values ('282','25','58',to_timestamp('12/06/19 12:00:00,000000000 AM','DD/MM/RR HH12:MI:SSXFF AM'),'689209','SI');
Insert into PRESTAMO (ID_PRESTAMO,ID_DEUDOR,ID_BANCO,FECHA,VALOR_OTORGADO,PAGADO) values ('283','26','58',to_timestamp('17/09/14 12:00:00,000000000 AM','DD/MM/RR HH12:MI:SSXFF AM'),'759404','NO');
Insert into PRESTAMO (ID_PRESTAMO,ID_DEUDOR,ID_BANCO,FECHA,VALOR_OTORGADO,PAGADO) values ('284','27','58',to_timestamp('03/10/20 12:00:00,000000000 AM','DD/MM/RR HH12:MI:SSXFF AM'),'298393','NO');
Insert into PRESTAMO (ID_PRESTAMO,ID_DEUDOR,ID_BANCO,FECHA,VALOR_OTORGADO,PAGADO) values ('285','28','58',to_timestamp('23/02/15 12:00:00,000000000 AM','DD/MM/RR HH12:MI:SSXFF AM'),'734975','SI');
Insert into PRESTAMO (ID_PRESTAMO,ID_DEUDOR,ID_BANCO,FECHA,VALOR_OTORGADO,PAGADO) values ('286','29','58',to_timestamp('12/03/10 12:00:00,000000000 AM','DD/MM/RR HH12:MI:SSXFF AM'),'609431','SI');
Insert into PRESTAMO (ID_PRESTAMO,ID_DEUDOR,ID_BANCO,FECHA,VALOR_OTORGADO,PAGADO) values ('287','30','58',to_timestamp('24/11/17 12:00:00,000000000 AM','DD/MM/RR HH12:MI:SSXFF AM'),'901022','SI');
Insert into PRESTAMO (ID_PRESTAMO,ID_DEUDOR,ID_BANCO,FECHA,VALOR_OTORGADO,PAGADO) values ('288','31','58',to_timestamp('12/06/19 12:00:00,000000000 AM','DD/MM/RR HH12:MI:SSXFF AM'),'664530','NO');
Insert into PRESTAMO (ID_PRESTAMO,ID_DEUDOR,ID_BANCO,FECHA,VALOR_OTORGADO,PAGADO) values ('289','21','59',to_timestamp('18/06/07 12:00:00,000000000 AM','DD/MM/RR HH12:MI:SSXFF AM'),'660753','SI');
Insert into PRESTAMO (ID_PRESTAMO,ID_DEUDOR,ID_BANCO,FECHA,VALOR_OTORGADO,PAGADO) values ('290','22','59',to_timestamp('05/04/14 12:00:00,000000000 AM','DD/MM/RR HH12:MI:SSXFF AM'),'19500','SI');
Insert into PRESTAMO (ID_PRESTAMO,ID_DEUDOR,ID_BANCO,FECHA,VALOR_OTORGADO,PAGADO) values ('291','23','59',to_timestamp('20/01/05 12:00:00,000000000 AM','DD/MM/RR HH12:MI:SSXFF AM'),'706905','SI');
Insert into PRESTAMO (ID_PRESTAMO,ID_DEUDOR,ID_BANCO,FECHA,VALOR_OTORGADO,PAGADO) values ('292','24','59',to_timestamp('24/02/10 12:00:00,000000000 AM','DD/MM/RR HH12:MI:SSXFF AM'),'173295','NO');
Insert into PRESTAMO (ID_PRESTAMO,ID_DEUDOR,ID_BANCO,FECHA,VALOR_OTORGADO,PAGADO) values ('293','25','59',to_timestamp('15/11/17 12:00:00,000000000 AM','DD/MM/RR HH12:MI:SSXFF AM'),'113112','NO');
Insert into PRESTAMO (ID_PRESTAMO,ID_DEUDOR,ID_BANCO,FECHA,VALOR_OTORGADO,PAGADO) values ('294','26','59',to_timestamp('19/11/08 12:00:00,000000000 AM','DD/MM/RR HH12:MI:SSXFF AM'),'939519','NO');
Insert into PRESTAMO (ID_PRESTAMO,ID_DEUDOR,ID_BANCO,FECHA,VALOR_OTORGADO,PAGADO) values ('295','27','59',to_timestamp('26/02/01 12:00:00,000000000 AM','DD/MM/RR HH12:MI:SSXFF AM'),'469896','SI');
Insert into PRESTAMO (ID_PRESTAMO,ID_DEUDOR,ID_BANCO,FECHA,VALOR_OTORGADO,PAGADO) values ('296','28','59',to_timestamp('19/08/20 12:00:00,000000000 AM','DD/MM/RR HH12:MI:SSXFF AM'),'736804','NO');
Insert into PRESTAMO (ID_PRESTAMO,ID_DEUDOR,ID_BANCO,FECHA,VALOR_OTORGADO,PAGADO) values ('297','29','59',to_timestamp('18/04/21 12:00:00,000000000 AM','DD/MM/RR HH12:MI:SSXFF AM'),'608242','SI');
Insert into PRESTAMO (ID_PRESTAMO,ID_DEUDOR,ID_BANCO,FECHA,VALOR_OTORGADO,PAGADO) values ('298','30','59',to_timestamp('11/01/11 12:00:00,000000000 AM','DD/MM/RR HH12:MI:SSXFF AM'),'923401','SI');
Insert into PRESTAMO (ID_PRESTAMO,ID_DEUDOR,ID_BANCO,FECHA,VALOR_OTORGADO,PAGADO) values ('299','31','59',to_timestamp('05/08/02 12:00:00,000000000 AM','DD/MM/RR HH12:MI:SSXFF AM'),'921312','NO');
Insert into PRESTAMO (ID_PRESTAMO,ID_DEUDOR,ID_BANCO,FECHA,VALOR_OTORGADO,PAGADO) values ('300','21','60',to_timestamp('12/10/06 12:00:00,000000000 AM','DD/MM/RR HH12:MI:SSXFF AM'),'486942','SI');
Insert into PRESTAMO (ID_PRESTAMO,ID_DEUDOR,ID_BANCO,FECHA,VALOR_OTORGADO,PAGADO) values ('301','22','60',to_timestamp('23/07/13 12:00:00,000000000 AM','DD/MM/RR HH12:MI:SSXFF AM'),'872128','NO');
Insert into PRESTAMO (ID_PRESTAMO,ID_DEUDOR,ID_BANCO,FECHA,VALOR_OTORGADO,PAGADO) values ('302','23','60',to_timestamp('26/02/18 12:00:00,000000000 AM','DD/MM/RR HH12:MI:SSXFF AM'),'363587','NO');
Insert into PRESTAMO (ID_PRESTAMO,ID_DEUDOR,ID_BANCO,FECHA,VALOR_OTORGADO,PAGADO) values ('303','24','60',to_timestamp('13/06/12 12:00:00,000000000 AM','DD/MM/RR HH12:MI:SSXFF AM'),'456733','SI');
Insert into PRESTAMO (ID_PRESTAMO,ID_DEUDOR,ID_BANCO,FECHA,VALOR_OTORGADO,PAGADO) values ('304','25','60',to_timestamp('19/01/20 12:00:00,000000000 AM','DD/MM/RR HH12:MI:SSXFF AM'),'841675','SI');
Insert into PRESTAMO (ID_PRESTAMO,ID_DEUDOR,ID_BANCO,FECHA,VALOR_OTORGADO,PAGADO) values ('305','26','60',to_timestamp('24/10/19 12:00:00,000000000 AM','DD/MM/RR HH12:MI:SSXFF AM'),'840753','NO');
Insert into PRESTAMO (ID_PRESTAMO,ID_DEUDOR,ID_BANCO,FECHA,VALOR_OTORGADO,PAGADO) values ('306','27','60',to_timestamp('10/03/15 12:00:00,000000000 AM','DD/MM/RR HH12:MI:SSXFF AM'),'768179','NO');
Insert into PRESTAMO (ID_PRESTAMO,ID_DEUDOR,ID_BANCO,FECHA,VALOR_OTORGADO,PAGADO) values ('307','28','60',to_timestamp('23/09/09 12:00:00,000000000 AM','DD/MM/RR HH12:MI:SSXFF AM'),'268794','NO');
Insert into PRESTAMO (ID_PRESTAMO,ID_DEUDOR,ID_BANCO,FECHA,VALOR_OTORGADO,PAGADO) values ('308','29','60',to_timestamp('13/04/10 12:00:00,000000000 AM','DD/MM/RR HH12:MI:SSXFF AM'),'115634','SI');
Insert into PRESTAMO (ID_PRESTAMO,ID_DEUDOR,ID_BANCO,FECHA,VALOR_OTORGADO,PAGADO) values ('309','30','60',to_timestamp('10/05/07 12:00:00,000000000 AM','DD/MM/RR HH12:MI:SSXFF AM'),'337525','SI');
Insert into PRESTAMO (ID_PRESTAMO,ID_DEUDOR,ID_BANCO,FECHA,VALOR_OTORGADO,PAGADO) values ('310','31','60',to_timestamp('08/04/22 12:00:00,000000000 AM','DD/MM/RR HH12:MI:SSXFF AM'),'746948','SI');
Insert into PRESTAMO (ID_PRESTAMO,ID_DEUDOR,ID_BANCO,FECHA,VALOR_OTORGADO,PAGADO) values ('311','21','61',to_timestamp('18/09/03 12:00:00,000000000 AM','DD/MM/RR HH12:MI:SSXFF AM'),'386720','SI');
Insert into PRESTAMO (ID_PRESTAMO,ID_DEUDOR,ID_BANCO,FECHA,VALOR_OTORGADO,PAGADO) values ('312','22','61',to_timestamp('03/11/16 12:00:00,000000000 AM','DD/MM/RR HH12:MI:SSXFF AM'),'192970','NO');
Insert into PRESTAMO (ID_PRESTAMO,ID_DEUDOR,ID_BANCO,FECHA,VALOR_OTORGADO,PAGADO) values ('313','23','61',to_timestamp('14/12/10 12:00:00,000000000 AM','DD/MM/RR HH12:MI:SSXFF AM'),'600383','SI');
Insert into PRESTAMO (ID_PRESTAMO,ID_DEUDOR,ID_BANCO,FECHA,VALOR_OTORGADO,PAGADO) values ('314','24','61',to_timestamp('15/11/17 12:00:00,000000000 AM','DD/MM/RR HH12:MI:SSXFF AM'),'794887','SI');
Insert into PRESTAMO (ID_PRESTAMO,ID_DEUDOR,ID_BANCO,FECHA,VALOR_OTORGADO,PAGADO) values ('315','25','61',to_timestamp('12/07/17 12:00:00,000000000 AM','DD/MM/RR HH12:MI:SSXFF AM'),'813653','NO');
Insert into PRESTAMO (ID_PRESTAMO,ID_DEUDOR,ID_BANCO,FECHA,VALOR_OTORGADO,PAGADO) values ('316','26','61',to_timestamp('14/03/04 12:00:00,000000000 AM','DD/MM/RR HH12:MI:SSXFF AM'),'156596','SI');
Insert into PRESTAMO (ID_PRESTAMO,ID_DEUDOR,ID_BANCO,FECHA,VALOR_OTORGADO,PAGADO) values ('317','27','61',to_timestamp('04/06/02 12:00:00,000000000 AM','DD/MM/RR HH12:MI:SSXFF AM'),'543782','NO');
Insert into PRESTAMO (ID_PRESTAMO,ID_DEUDOR,ID_BANCO,FECHA,VALOR_OTORGADO,PAGADO) values ('318','28','61',to_timestamp('25/02/14 12:00:00,000000000 AM','DD/MM/RR HH12:MI:SSXFF AM'),'752725','SI');
Insert into PRESTAMO (ID_PRESTAMO,ID_DEUDOR,ID_BANCO,FECHA,VALOR_OTORGADO,PAGADO) values ('319','29','61',to_timestamp('08/10/14 12:00:00,000000000 AM','DD/MM/RR HH12:MI:SSXFF AM'),'922726','NO');
Insert into PRESTAMO (ID_PRESTAMO,ID_DEUDOR,ID_BANCO,FECHA,VALOR_OTORGADO,PAGADO) values ('320','30','61',to_timestamp('21/02/02 12:00:00,000000000 AM','DD/MM/RR HH12:MI:SSXFF AM'),'783471','NO');
Insert into PRESTAMO (ID_PRESTAMO,ID_DEUDOR,ID_BANCO,FECHA,VALOR_OTORGADO,PAGADO) values ('321','31','61',to_timestamp('28/12/02 12:00:00,000000000 AM','DD/MM/RR HH12:MI:SSXFF AM'),'713182','SI');
Insert into PRESTAMO (ID_PRESTAMO,ID_DEUDOR,ID_BANCO,FECHA,VALOR_OTORGADO,PAGADO) values ('322','21','62',to_timestamp('21/11/18 12:00:00,000000000 AM','DD/MM/RR HH12:MI:SSXFF AM'),'627665','NO');
Insert into PRESTAMO (ID_PRESTAMO,ID_DEUDOR,ID_BANCO,FECHA,VALOR_OTORGADO,PAGADO) values ('323','22','62',to_timestamp('25/04/19 12:00:00,000000000 AM','DD/MM/RR HH12:MI:SSXFF AM'),'357253','NO');
Insert into PRESTAMO (ID_PRESTAMO,ID_DEUDOR,ID_BANCO,FECHA,VALOR_OTORGADO,PAGADO) values ('324','23','62',to_timestamp('29/09/06 12:00:00,000000000 AM','DD/MM/RR HH12:MI:SSXFF AM'),'458666','SI');
Insert into PRESTAMO (ID_PRESTAMO,ID_DEUDOR,ID_BANCO,FECHA,VALOR_OTORGADO,PAGADO) values ('325','24','62',to_timestamp('17/03/22 12:00:00,000000000 AM','DD/MM/RR HH12:MI:SSXFF AM'),'202592','NO');
Insert into PRESTAMO (ID_PRESTAMO,ID_DEUDOR,ID_BANCO,FECHA,VALOR_OTORGADO,PAGADO) values ('326','25','62',to_timestamp('10/04/16 12:00:00,000000000 AM','DD/MM/RR HH12:MI:SSXFF AM'),'638962','NO');
Insert into PRESTAMO (ID_PRESTAMO,ID_DEUDOR,ID_BANCO,FECHA,VALOR_OTORGADO,PAGADO) values ('327','26','62',to_timestamp('19/05/14 12:00:00,000000000 AM','DD/MM/RR HH12:MI:SSXFF AM'),'431522','SI');
Insert into PRESTAMO (ID_PRESTAMO,ID_DEUDOR,ID_BANCO,FECHA,VALOR_OTORGADO,PAGADO) values ('328','27','62',to_timestamp('19/07/18 12:00:00,000000000 AM','DD/MM/RR HH12:MI:SSXFF AM'),'606835','NO');
Insert into PRESTAMO (ID_PRESTAMO,ID_DEUDOR,ID_BANCO,FECHA,VALOR_OTORGADO,PAGADO) values ('329','28','62',to_timestamp('15/12/05 12:00:00,000000000 AM','DD/MM/RR HH12:MI:SSXFF AM'),'815478','NO');
Insert into PRESTAMO (ID_PRESTAMO,ID_DEUDOR,ID_BANCO,FECHA,VALOR_OTORGADO,PAGADO) values ('330','29','62',to_timestamp('01/06/04 12:00:00,000000000 AM','DD/MM/RR HH12:MI:SSXFF AM'),'837571','SI');
Insert into PRESTAMO (ID_PRESTAMO,ID_DEUDOR,ID_BANCO,FECHA,VALOR_OTORGADO,PAGADO) values ('331','30','62',to_timestamp('17/05/09 12:00:00,000000000 AM','DD/MM/RR HH12:MI:SSXFF AM'),'615096','NO');
Insert into PRESTAMO (ID_PRESTAMO,ID_DEUDOR,ID_BANCO,FECHA,VALOR_OTORGADO,PAGADO) values ('332','31','62',to_timestamp('15/06/17 12:00:00,000000000 AM','DD/MM/RR HH12:MI:SSXFF AM'),'621947','NO');
Insert into PRESTAMO (ID_PRESTAMO,ID_DEUDOR,ID_BANCO,FECHA,VALOR_OTORGADO,PAGADO) values ('333','21','63',to_timestamp('24/11/13 12:00:00,000000000 AM','DD/MM/RR HH12:MI:SSXFF AM'),'625369','NO');
Insert into PRESTAMO (ID_PRESTAMO,ID_DEUDOR,ID_BANCO,FECHA,VALOR_OTORGADO,PAGADO) values ('334','22','63',to_timestamp('05/03/20 12:00:00,000000000 AM','DD/MM/RR HH12:MI:SSXFF AM'),'482899','SI');
Insert into PRESTAMO (ID_PRESTAMO,ID_DEUDOR,ID_BANCO,FECHA,VALOR_OTORGADO,PAGADO) values ('335','23','63',to_timestamp('09/10/05 12:00:00,000000000 AM','DD/MM/RR HH12:MI:SSXFF AM'),'86829','SI');
Insert into PRESTAMO (ID_PRESTAMO,ID_DEUDOR,ID_BANCO,FECHA,VALOR_OTORGADO,PAGADO) values ('336','24','63',to_timestamp('06/03/06 12:00:00,000000000 AM','DD/MM/RR HH12:MI:SSXFF AM'),'342355','NO');
Insert into PRESTAMO (ID_PRESTAMO,ID_DEUDOR,ID_BANCO,FECHA,VALOR_OTORGADO,PAGADO) values ('337','25','63',to_timestamp('30/10/19 12:00:00,000000000 AM','DD/MM/RR HH12:MI:SSXFF AM'),'286092','NO');
Insert into PRESTAMO (ID_PRESTAMO,ID_DEUDOR,ID_BANCO,FECHA,VALOR_OTORGADO,PAGADO) values ('338','26','63',to_timestamp('23/01/02 12:00:00,000000000 AM','DD/MM/RR HH12:MI:SSXFF AM'),'912848','NO');
Insert into PRESTAMO (ID_PRESTAMO,ID_DEUDOR,ID_BANCO,FECHA,VALOR_OTORGADO,PAGADO) values ('339','27','63',to_timestamp('30/10/13 12:00:00,000000000 AM','DD/MM/RR HH12:MI:SSXFF AM'),'394737','SI');
Insert into PRESTAMO (ID_PRESTAMO,ID_DEUDOR,ID_BANCO,FECHA,VALOR_OTORGADO,PAGADO) values ('340','28','63',to_timestamp('19/06/03 12:00:00,000000000 AM','DD/MM/RR HH12:MI:SSXFF AM'),'28219','NO');
Insert into PRESTAMO (ID_PRESTAMO,ID_DEUDOR,ID_BANCO,FECHA,VALOR_OTORGADO,PAGADO) values ('341','29','63',to_timestamp('01/04/00 12:00:00,000000000 AM','DD/MM/RR HH12:MI:SSXFF AM'),'265696','SI');
Insert into PRESTAMO (ID_PRESTAMO,ID_DEUDOR,ID_BANCO,FECHA,VALOR_OTORGADO,PAGADO) values ('342','30','63',to_timestamp('08/02/17 12:00:00,000000000 AM','DD/MM/RR HH12:MI:SSXFF AM'),'67628','NO');
Insert into PRESTAMO (ID_PRESTAMO,ID_DEUDOR,ID_BANCO,FECHA,VALOR_OTORGADO,PAGADO) values ('343','31','63',to_timestamp('04/05/22 12:00:00,000000000 AM','DD/MM/RR HH12:MI:SSXFF AM'),'592939','SI');
Insert into PRESTAMO (ID_PRESTAMO,ID_DEUDOR,ID_BANCO,FECHA,VALOR_OTORGADO,PAGADO) values ('344','21','64',to_timestamp('28/09/05 12:00:00,000000000 AM','DD/MM/RR HH12:MI:SSXFF AM'),'608123','NO');
Insert into PRESTAMO (ID_PRESTAMO,ID_DEUDOR,ID_BANCO,FECHA,VALOR_OTORGADO,PAGADO) values ('345','22','64',to_timestamp('12/02/20 12:00:00,000000000 AM','DD/MM/RR HH12:MI:SSXFF AM'),'889128','SI');
Insert into PRESTAMO (ID_PRESTAMO,ID_DEUDOR,ID_BANCO,FECHA,VALOR_OTORGADO,PAGADO) values ('346','23','64',to_timestamp('24/03/14 12:00:00,000000000 AM','DD/MM/RR HH12:MI:SSXFF AM'),'90875','SI');
Insert into PRESTAMO (ID_PRESTAMO,ID_DEUDOR,ID_BANCO,FECHA,VALOR_OTORGADO,PAGADO) values ('347','24','64',to_timestamp('15/03/20 12:00:00,000000000 AM','DD/MM/RR HH12:MI:SSXFF AM'),'137619','NO');
Insert into PRESTAMO (ID_PRESTAMO,ID_DEUDOR,ID_BANCO,FECHA,VALOR_OTORGADO,PAGADO) values ('348','25','64',to_timestamp('16/01/15 12:00:00,000000000 AM','DD/MM/RR HH12:MI:SSXFF AM'),'285852','SI');
Insert into PRESTAMO (ID_PRESTAMO,ID_DEUDOR,ID_BANCO,FECHA,VALOR_OTORGADO,PAGADO) values ('349','26','64',to_timestamp('24/04/08 12:00:00,000000000 AM','DD/MM/RR HH12:MI:SSXFF AM'),'23848','NO');
Insert into PRESTAMO (ID_PRESTAMO,ID_DEUDOR,ID_BANCO,FECHA,VALOR_OTORGADO,PAGADO) values ('350','27','64',to_timestamp('02/02/19 12:00:00,000000000 AM','DD/MM/RR HH12:MI:SSXFF AM'),'922981','SI');
Insert into PRESTAMO (ID_PRESTAMO,ID_DEUDOR,ID_BANCO,FECHA,VALOR_OTORGADO,PAGADO) values ('351','28','64',to_timestamp('14/02/20 12:00:00,000000000 AM','DD/MM/RR HH12:MI:SSXFF AM'),'624211','SI');
Insert into PRESTAMO (ID_PRESTAMO,ID_DEUDOR,ID_BANCO,FECHA,VALOR_OTORGADO,PAGADO) values ('352','29','64',to_timestamp('01/04/03 12:00:00,000000000 AM','DD/MM/RR HH12:MI:SSXFF AM'),'644832','SI');
Insert into PRESTAMO (ID_PRESTAMO,ID_DEUDOR,ID_BANCO,FECHA,VALOR_OTORGADO,PAGADO) values ('353','30','64',to_timestamp('10/10/15 12:00:00,000000000 AM','DD/MM/RR HH12:MI:SSXFF AM'),'240263','SI');
Insert into PRESTAMO (ID_PRESTAMO,ID_DEUDOR,ID_BANCO,FECHA,VALOR_OTORGADO,PAGADO) values ('354','31','64',to_timestamp('06/01/13 12:00:00,000000000 AM','DD/MM/RR HH12:MI:SSXFF AM'),'525905','SI');
Insert into PRESTAMO (ID_PRESTAMO,ID_DEUDOR,ID_BANCO,FECHA,VALOR_OTORGADO,PAGADO) values ('355','21','65',to_timestamp('22/08/11 12:00:00,000000000 AM','DD/MM/RR HH12:MI:SSXFF AM'),'762299','NO');
Insert into PRESTAMO (ID_PRESTAMO,ID_DEUDOR,ID_BANCO,FECHA,VALOR_OTORGADO,PAGADO) values ('356','22','65',to_timestamp('12/10/19 12:00:00,000000000 AM','DD/MM/RR HH12:MI:SSXFF AM'),'718639','NO');
Insert into PRESTAMO (ID_PRESTAMO,ID_DEUDOR,ID_BANCO,FECHA,VALOR_OTORGADO,PAGADO) values ('357','23','65',to_timestamp('11/09/07 12:00:00,000000000 AM','DD/MM/RR HH12:MI:SSXFF AM'),'501568','SI');
Insert into PRESTAMO (ID_PRESTAMO,ID_DEUDOR,ID_BANCO,FECHA,VALOR_OTORGADO,PAGADO) values ('358','24','65',to_timestamp('14/04/14 12:00:00,000000000 AM','DD/MM/RR HH12:MI:SSXFF AM'),'816594','NO');
Insert into PRESTAMO (ID_PRESTAMO,ID_DEUDOR,ID_BANCO,FECHA,VALOR_OTORGADO,PAGADO) values ('359','25','65',to_timestamp('20/11/04 12:00:00,000000000 AM','DD/MM/RR HH12:MI:SSXFF AM'),'377833','NO');
Insert into PRESTAMO (ID_PRESTAMO,ID_DEUDOR,ID_BANCO,FECHA,VALOR_OTORGADO,PAGADO) values ('360','26','65',to_timestamp('06/04/22 12:00:00,000000000 AM','DD/MM/RR HH12:MI:SSXFF AM'),'596924','SI');
Insert into PRESTAMO (ID_PRESTAMO,ID_DEUDOR,ID_BANCO,FECHA,VALOR_OTORGADO,PAGADO) values ('361','27','65',to_timestamp('25/07/16 12:00:00,000000000 AM','DD/MM/RR HH12:MI:SSXFF AM'),'873404','NO');
Insert into PRESTAMO (ID_PRESTAMO,ID_DEUDOR,ID_BANCO,FECHA,VALOR_OTORGADO,PAGADO) values ('362','28','65',to_timestamp('18/04/16 12:00:00,000000000 AM','DD/MM/RR HH12:MI:SSXFF AM'),'396606','NO');
Insert into PRESTAMO (ID_PRESTAMO,ID_DEUDOR,ID_BANCO,FECHA,VALOR_OTORGADO,PAGADO) values ('363','29','65',to_timestamp('29/03/15 12:00:00,000000000 AM','DD/MM/RR HH12:MI:SSXFF AM'),'583367','NO');
Insert into PRESTAMO (ID_PRESTAMO,ID_DEUDOR,ID_BANCO,FECHA,VALOR_OTORGADO,PAGADO) values ('364','30','65',to_timestamp('28/06/04 12:00:00,000000000 AM','DD/MM/RR HH12:MI:SSXFF AM'),'202014','SI');
Insert into PRESTAMO (ID_PRESTAMO,ID_DEUDOR,ID_BANCO,FECHA,VALOR_OTORGADO,PAGADO) values ('365','31','65',to_timestamp('23/05/20 12:00:00,000000000 AM','DD/MM/RR HH12:MI:SSXFF AM'),'404909','SI');
Insert into PRESTAMO (ID_PRESTAMO,ID_DEUDOR,ID_BANCO,FECHA,VALOR_OTORGADO,PAGADO) values ('366','21','66',to_timestamp('10/04/06 12:00:00,000000000 AM','DD/MM/RR HH12:MI:SSXFF AM'),'536294','NO');
Insert into PRESTAMO (ID_PRESTAMO,ID_DEUDOR,ID_BANCO,FECHA,VALOR_OTORGADO,PAGADO) values ('367','22','66',to_timestamp('03/02/17 12:00:00,000000000 AM','DD/MM/RR HH12:MI:SSXFF AM'),'706242','SI');
Insert into PRESTAMO (ID_PRESTAMO,ID_DEUDOR,ID_BANCO,FECHA,VALOR_OTORGADO,PAGADO) values ('368','23','66',to_timestamp('15/04/12 12:00:00,000000000 AM','DD/MM/RR HH12:MI:SSXFF AM'),'472453','SI');
Insert into PRESTAMO (ID_PRESTAMO,ID_DEUDOR,ID_BANCO,FECHA,VALOR_OTORGADO,PAGADO) values ('369','24','66',to_timestamp('08/11/21 12:00:00,000000000 AM','DD/MM/RR HH12:MI:SSXFF AM'),'103442','NO');
Insert into PRESTAMO (ID_PRESTAMO,ID_DEUDOR,ID_BANCO,FECHA,VALOR_OTORGADO,PAGADO) values ('370','25','66',to_timestamp('04/02/04 12:00:00,000000000 AM','DD/MM/RR HH12:MI:SSXFF AM'),'125436','NO');
Insert into PRESTAMO (ID_PRESTAMO,ID_DEUDOR,ID_BANCO,FECHA,VALOR_OTORGADO,PAGADO) values ('371','26','66',to_timestamp('07/04/12 12:00:00,000000000 AM','DD/MM/RR HH12:MI:SSXFF AM'),'426654','NO');
Insert into PRESTAMO (ID_PRESTAMO,ID_DEUDOR,ID_BANCO,FECHA,VALOR_OTORGADO,PAGADO) values ('372','27','66',to_timestamp('30/04/20 12:00:00,000000000 AM','DD/MM/RR HH12:MI:SSXFF AM'),'293360','SI');
Insert into PRESTAMO (ID_PRESTAMO,ID_DEUDOR,ID_BANCO,FECHA,VALOR_OTORGADO,PAGADO) values ('373','28','66',to_timestamp('11/08/04 12:00:00,000000000 AM','DD/MM/RR HH12:MI:SSXFF AM'),'185936','NO');
Insert into PRESTAMO (ID_PRESTAMO,ID_DEUDOR,ID_BANCO,FECHA,VALOR_OTORGADO,PAGADO) values ('374','29','66',to_timestamp('26/11/06 12:00:00,000000000 AM','DD/MM/RR HH12:MI:SSXFF AM'),'70718','SI');
Insert into PRESTAMO (ID_PRESTAMO,ID_DEUDOR,ID_BANCO,FECHA,VALOR_OTORGADO,PAGADO) values ('375','30','66',to_timestamp('24/01/14 12:00:00,000000000 AM','DD/MM/RR HH12:MI:SSXFF AM'),'239162','SI');
Insert into PRESTAMO (ID_PRESTAMO,ID_DEUDOR,ID_BANCO,FECHA,VALOR_OTORGADO,PAGADO) values ('376','31','66',to_timestamp('18/10/09 12:00:00,000000000 AM','DD/MM/RR HH12:MI:SSXFF AM'),'907019','NO');
Insert into PRESTAMO (ID_PRESTAMO,ID_DEUDOR,ID_BANCO,FECHA,VALOR_OTORGADO,PAGADO) values ('377','21','67',to_timestamp('22/03/07 12:00:00,000000000 AM','DD/MM/RR HH12:MI:SSXFF AM'),'969796','NO');
Insert into PRESTAMO (ID_PRESTAMO,ID_DEUDOR,ID_BANCO,FECHA,VALOR_OTORGADO,PAGADO) values ('378','22','67',to_timestamp('22/06/18 12:00:00,000000000 AM','DD/MM/RR HH12:MI:SSXFF AM'),'524372','NO');
Insert into PRESTAMO (ID_PRESTAMO,ID_DEUDOR,ID_BANCO,FECHA,VALOR_OTORGADO,PAGADO) values ('379','23','67',to_timestamp('20/07/16 12:00:00,000000000 AM','DD/MM/RR HH12:MI:SSXFF AM'),'695016','SI');
Insert into PRESTAMO (ID_PRESTAMO,ID_DEUDOR,ID_BANCO,FECHA,VALOR_OTORGADO,PAGADO) values ('380','24','67',to_timestamp('19/12/04 12:00:00,000000000 AM','DD/MM/RR HH12:MI:SSXFF AM'),'899634','SI');
Insert into PRESTAMO (ID_PRESTAMO,ID_DEUDOR,ID_BANCO,FECHA,VALOR_OTORGADO,PAGADO) values ('381','25','67',to_timestamp('19/03/11 12:00:00,000000000 AM','DD/MM/RR HH12:MI:SSXFF AM'),'213524','NO');
Insert into PRESTAMO (ID_PRESTAMO,ID_DEUDOR,ID_BANCO,FECHA,VALOR_OTORGADO,PAGADO) values ('382','26','67',to_timestamp('05/07/05 12:00:00,000000000 AM','DD/MM/RR HH12:MI:SSXFF AM'),'95036','NO');
Insert into PRESTAMO (ID_PRESTAMO,ID_DEUDOR,ID_BANCO,FECHA,VALOR_OTORGADO,PAGADO) values ('383','27','67',to_timestamp('22/03/12 12:00:00,000000000 AM','DD/MM/RR HH12:MI:SSXFF AM'),'103098','SI');
Insert into PRESTAMO (ID_PRESTAMO,ID_DEUDOR,ID_BANCO,FECHA,VALOR_OTORGADO,PAGADO) values ('384','28','67',to_timestamp('26/07/05 12:00:00,000000000 AM','DD/MM/RR HH12:MI:SSXFF AM'),'581400','SI');
Insert into PRESTAMO (ID_PRESTAMO,ID_DEUDOR,ID_BANCO,FECHA,VALOR_OTORGADO,PAGADO) values ('385','29','67',to_timestamp('20/12/20 12:00:00,000000000 AM','DD/MM/RR HH12:MI:SSXFF AM'),'374645','SI');
Insert into PRESTAMO (ID_PRESTAMO,ID_DEUDOR,ID_BANCO,FECHA,VALOR_OTORGADO,PAGADO) values ('386','30','67',to_timestamp('15/10/09 12:00:00,000000000 AM','DD/MM/RR HH12:MI:SSXFF AM'),'974465','NO');
Insert into PRESTAMO (ID_PRESTAMO,ID_DEUDOR,ID_BANCO,FECHA,VALOR_OTORGADO,PAGADO) values ('387','31','67',to_timestamp('04/02/02 12:00:00,000000000 AM','DD/MM/RR HH12:MI:SSXFF AM'),'282800','NO');
Insert into PRESTAMO (ID_PRESTAMO,ID_DEUDOR,ID_BANCO,FECHA,VALOR_OTORGADO,PAGADO) values ('388','21','68',to_timestamp('13/12/01 12:00:00,000000000 AM','DD/MM/RR HH12:MI:SSXFF AM'),'995567','SI');
Insert into PRESTAMO (ID_PRESTAMO,ID_DEUDOR,ID_BANCO,FECHA,VALOR_OTORGADO,PAGADO) values ('389','22','68',to_timestamp('19/01/07 12:00:00,000000000 AM','DD/MM/RR HH12:MI:SSXFF AM'),'271322','NO');
Insert into PRESTAMO (ID_PRESTAMO,ID_DEUDOR,ID_BANCO,FECHA,VALOR_OTORGADO,PAGADO) values ('390','23','68',to_timestamp('19/01/02 12:00:00,000000000 AM','DD/MM/RR HH12:MI:SSXFF AM'),'116112','NO');
Insert into PRESTAMO (ID_PRESTAMO,ID_DEUDOR,ID_BANCO,FECHA,VALOR_OTORGADO,PAGADO) values ('391','24','68',to_timestamp('28/01/10 12:00:00,000000000 AM','DD/MM/RR HH12:MI:SSXFF AM'),'698142','NO');
Insert into PRESTAMO (ID_PRESTAMO,ID_DEUDOR,ID_BANCO,FECHA,VALOR_OTORGADO,PAGADO) values ('392','25','68',to_timestamp('23/01/08 12:00:00,000000000 AM','DD/MM/RR HH12:MI:SSXFF AM'),'547668','NO');
Insert into PRESTAMO (ID_PRESTAMO,ID_DEUDOR,ID_BANCO,FECHA,VALOR_OTORGADO,PAGADO) values ('393','26','68',to_timestamp('06/06/09 12:00:00,000000000 AM','DD/MM/RR HH12:MI:SSXFF AM'),'159794','NO');
Insert into PRESTAMO (ID_PRESTAMO,ID_DEUDOR,ID_BANCO,FECHA,VALOR_OTORGADO,PAGADO) values ('394','27','68',to_timestamp('10/04/11 12:00:00,000000000 AM','DD/MM/RR HH12:MI:SSXFF AM'),'677858','NO');
Insert into PRESTAMO (ID_PRESTAMO,ID_DEUDOR,ID_BANCO,FECHA,VALOR_OTORGADO,PAGADO) values ('395','28','68',to_timestamp('04/10/21 12:00:00,000000000 AM','DD/MM/RR HH12:MI:SSXFF AM'),'243708','NO');
Insert into PRESTAMO (ID_PRESTAMO,ID_DEUDOR,ID_BANCO,FECHA,VALOR_OTORGADO,PAGADO) values ('396','29','68',to_timestamp('01/09/00 12:00:00,000000000 AM','DD/MM/RR HH12:MI:SSXFF AM'),'246851','NO');
Insert into PRESTAMO (ID_PRESTAMO,ID_DEUDOR,ID_BANCO,FECHA,VALOR_OTORGADO,PAGADO) values ('397','30','68',to_timestamp('05/03/10 12:00:00,000000000 AM','DD/MM/RR HH12:MI:SSXFF AM'),'822650','SI');
Insert into PRESTAMO (ID_PRESTAMO,ID_DEUDOR,ID_BANCO,FECHA,VALOR_OTORGADO,PAGADO) values ('398','31','68',to_timestamp('18/02/01 12:00:00,000000000 AM','DD/MM/RR HH12:MI:SSXFF AM'),'305314','SI');
Insert into PRESTAMO (ID_PRESTAMO,ID_DEUDOR,ID_BANCO,FECHA,VALOR_OTORGADO,PAGADO) values ('399','21','69',to_timestamp('23/11/03 12:00:00,000000000 AM','DD/MM/RR HH12:MI:SSXFF AM'),'805844','NO');
Insert into PRESTAMO (ID_PRESTAMO,ID_DEUDOR,ID_BANCO,FECHA,VALOR_OTORGADO,PAGADO) values ('400','22','69',to_timestamp('26/12/02 12:00:00,000000000 AM','DD/MM/RR HH12:MI:SSXFF AM'),'333570','NO');
Insert into PRESTAMO (ID_PRESTAMO,ID_DEUDOR,ID_BANCO,FECHA,VALOR_OTORGADO,PAGADO) values ('401','23','69',to_timestamp('08/08/15 12:00:00,000000000 AM','DD/MM/RR HH12:MI:SSXFF AM'),'983846','SI');
Insert into PRESTAMO (ID_PRESTAMO,ID_DEUDOR,ID_BANCO,FECHA,VALOR_OTORGADO,PAGADO) values ('402','24','69',to_timestamp('12/06/22 12:00:00,000000000 AM','DD/MM/RR HH12:MI:SSXFF AM'),'601269','NO');
Insert into PRESTAMO (ID_PRESTAMO,ID_DEUDOR,ID_BANCO,FECHA,VALOR_OTORGADO,PAGADO) values ('403','25','69',to_timestamp('07/07/17 12:00:00,000000000 AM','DD/MM/RR HH12:MI:SSXFF AM'),'341172','SI');
Insert into PRESTAMO (ID_PRESTAMO,ID_DEUDOR,ID_BANCO,FECHA,VALOR_OTORGADO,PAGADO) values ('404','26','69',to_timestamp('09/07/06 12:00:00,000000000 AM','DD/MM/RR HH12:MI:SSXFF AM'),'929213','SI');
Insert into PRESTAMO (ID_PRESTAMO,ID_DEUDOR,ID_BANCO,FECHA,VALOR_OTORGADO,PAGADO) values ('405','27','69',to_timestamp('03/09/19 12:00:00,000000000 AM','DD/MM/RR HH12:MI:SSXFF AM'),'52366','SI');
Insert into PRESTAMO (ID_PRESTAMO,ID_DEUDOR,ID_BANCO,FECHA,VALOR_OTORGADO,PAGADO) values ('406','28','69',to_timestamp('19/06/09 12:00:00,000000000 AM','DD/MM/RR HH12:MI:SSXFF AM'),'115598','NO');
Insert into PRESTAMO (ID_PRESTAMO,ID_DEUDOR,ID_BANCO,FECHA,VALOR_OTORGADO,PAGADO) values ('407','29','69',to_timestamp('15/05/03 12:00:00,000000000 AM','DD/MM/RR HH12:MI:SSXFF AM'),'759982','NO');
Insert into PRESTAMO (ID_PRESTAMO,ID_DEUDOR,ID_BANCO,FECHA,VALOR_OTORGADO,PAGADO) values ('408','30','69',to_timestamp('03/04/02 12:00:00,000000000 AM','DD/MM/RR HH12:MI:SSXFF AM'),'140597','NO');
Insert into PRESTAMO (ID_PRESTAMO,ID_DEUDOR,ID_BANCO,FECHA,VALOR_OTORGADO,PAGADO) values ('409','31','69',to_timestamp('31/12/01 12:00:00,000000000 AM','DD/MM/RR HH12:MI:SSXFF AM'),'616405','SI');
Insert into PRESTAMO (ID_PRESTAMO,ID_DEUDOR,ID_BANCO,FECHA,VALOR_OTORGADO,PAGADO) values ('410','21','70',to_timestamp('17/01/20 12:00:00,000000000 AM','DD/MM/RR HH12:MI:SSXFF AM'),'487375','SI');
Insert into PRESTAMO (ID_PRESTAMO,ID_DEUDOR,ID_BANCO,FECHA,VALOR_OTORGADO,PAGADO) values ('411','22','70',to_timestamp('17/07/08 12:00:00,000000000 AM','DD/MM/RR HH12:MI:SSXFF AM'),'104394','NO');
Insert into PRESTAMO (ID_PRESTAMO,ID_DEUDOR,ID_BANCO,FECHA,VALOR_OTORGADO,PAGADO) values ('412','23','70',to_timestamp('03/04/03 12:00:00,000000000 AM','DD/MM/RR HH12:MI:SSXFF AM'),'487626','NO');
Insert into PRESTAMO (ID_PRESTAMO,ID_DEUDOR,ID_BANCO,FECHA,VALOR_OTORGADO,PAGADO) values ('413','24','70',to_timestamp('30/12/13 12:00:00,000000000 AM','DD/MM/RR HH12:MI:SSXFF AM'),'732668','SI');
Insert into PRESTAMO (ID_PRESTAMO,ID_DEUDOR,ID_BANCO,FECHA,VALOR_OTORGADO,PAGADO) values ('414','25','70',to_timestamp('03/12/19 12:00:00,000000000 AM','DD/MM/RR HH12:MI:SSXFF AM'),'317143','NO');
Insert into PRESTAMO (ID_PRESTAMO,ID_DEUDOR,ID_BANCO,FECHA,VALOR_OTORGADO,PAGADO) values ('415','26','70',to_timestamp('05/06/03 12:00:00,000000000 AM','DD/MM/RR HH12:MI:SSXFF AM'),'316739','SI');
Insert into PRESTAMO (ID_PRESTAMO,ID_DEUDOR,ID_BANCO,FECHA,VALOR_OTORGADO,PAGADO) values ('416','27','70',to_timestamp('07/06/11 12:00:00,000000000 AM','DD/MM/RR HH12:MI:SSXFF AM'),'467763','NO');
Insert into PRESTAMO (ID_PRESTAMO,ID_DEUDOR,ID_BANCO,FECHA,VALOR_OTORGADO,PAGADO) values ('417','28','70',to_timestamp('13/02/03 12:00:00,000000000 AM','DD/MM/RR HH12:MI:SSXFF AM'),'320497','SI');
Insert into PRESTAMO (ID_PRESTAMO,ID_DEUDOR,ID_BANCO,FECHA,VALOR_OTORGADO,PAGADO) values ('418','29','70',to_timestamp('13/02/13 12:00:00,000000000 AM','DD/MM/RR HH12:MI:SSXFF AM'),'231176','NO');
Insert into PRESTAMO (ID_PRESTAMO,ID_DEUDOR,ID_BANCO,FECHA,VALOR_OTORGADO,PAGADO) values ('419','30','70',to_timestamp('04/05/14 12:00:00,000000000 AM','DD/MM/RR HH12:MI:SSXFF AM'),'776562','SI');
Insert into PRESTAMO (ID_PRESTAMO,ID_DEUDOR,ID_BANCO,FECHA,VALOR_OTORGADO,PAGADO) values ('420','31','70',to_timestamp('01/12/06 12:00:00,000000000 AM','DD/MM/RR HH12:MI:SSXFF AM'),'874612','NO');
Insert into PRESTAMO (ID_PRESTAMO,ID_DEUDOR,ID_BANCO,FECHA,VALOR_OTORGADO,PAGADO) values ('421','21','71',to_timestamp('26/03/00 12:00:00,000000000 AM','DD/MM/RR HH12:MI:SSXFF AM'),'149669','NO');
Insert into PRESTAMO (ID_PRESTAMO,ID_DEUDOR,ID_BANCO,FECHA,VALOR_OTORGADO,PAGADO) values ('422','22','71',to_timestamp('15/05/15 12:00:00,000000000 AM','DD/MM/RR HH12:MI:SSXFF AM'),'431165','NO');
Insert into PRESTAMO (ID_PRESTAMO,ID_DEUDOR,ID_BANCO,FECHA,VALOR_OTORGADO,PAGADO) values ('423','23','71',to_timestamp('10/02/21 12:00:00,000000000 AM','DD/MM/RR HH12:MI:SSXFF AM'),'485376','SI');
Insert into PRESTAMO (ID_PRESTAMO,ID_DEUDOR,ID_BANCO,FECHA,VALOR_OTORGADO,PAGADO) values ('424','24','71',to_timestamp('11/07/02 12:00:00,000000000 AM','DD/MM/RR HH12:MI:SSXFF AM'),'296559','NO');
Insert into PRESTAMO (ID_PRESTAMO,ID_DEUDOR,ID_BANCO,FECHA,VALOR_OTORGADO,PAGADO) values ('425','25','71',to_timestamp('26/06/09 12:00:00,000000000 AM','DD/MM/RR HH12:MI:SSXFF AM'),'299806','NO');
Insert into PRESTAMO (ID_PRESTAMO,ID_DEUDOR,ID_BANCO,FECHA,VALOR_OTORGADO,PAGADO) values ('426','26','71',to_timestamp('18/12/21 12:00:00,000000000 AM','DD/MM/RR HH12:MI:SSXFF AM'),'603811','SI');
Insert into PRESTAMO (ID_PRESTAMO,ID_DEUDOR,ID_BANCO,FECHA,VALOR_OTORGADO,PAGADO) values ('427','27','71',to_timestamp('03/02/19 12:00:00,000000000 AM','DD/MM/RR HH12:MI:SSXFF AM'),'225813','SI');
Insert into PRESTAMO (ID_PRESTAMO,ID_DEUDOR,ID_BANCO,FECHA,VALOR_OTORGADO,PAGADO) values ('428','28','71',to_timestamp('31/07/01 12:00:00,000000000 AM','DD/MM/RR HH12:MI:SSXFF AM'),'463125','SI');
Insert into PRESTAMO (ID_PRESTAMO,ID_DEUDOR,ID_BANCO,FECHA,VALOR_OTORGADO,PAGADO) values ('429','29','71',to_timestamp('21/01/08 12:00:00,000000000 AM','DD/MM/RR HH12:MI:SSXFF AM'),'9477','SI');
Insert into PRESTAMO (ID_PRESTAMO,ID_DEUDOR,ID_BANCO,FECHA,VALOR_OTORGADO,PAGADO) values ('430','30','71',to_timestamp('10/11/16 12:00:00,000000000 AM','DD/MM/RR HH12:MI:SSXFF AM'),'448727','NO');
Insert into PRESTAMO (ID_PRESTAMO,ID_DEUDOR,ID_BANCO,FECHA,VALOR_OTORGADO,PAGADO) values ('431','31','71',to_timestamp('02/05/08 12:00:00,000000000 AM','DD/MM/RR HH12:MI:SSXFF AM'),'627791','SI');
Insert into PRESTAMO (ID_PRESTAMO,ID_DEUDOR,ID_BANCO,FECHA,VALOR_OTORGADO,PAGADO) values ('432','21','72',to_timestamp('09/09/00 12:00:00,000000000 AM','DD/MM/RR HH12:MI:SSXFF AM'),'556959','SI');
Insert into PRESTAMO (ID_PRESTAMO,ID_DEUDOR,ID_BANCO,FECHA,VALOR_OTORGADO,PAGADO) values ('433','22','72',to_timestamp('09/06/13 12:00:00,000000000 AM','DD/MM/RR HH12:MI:SSXFF AM'),'82609','SI');
Insert into PRESTAMO (ID_PRESTAMO,ID_DEUDOR,ID_BANCO,FECHA,VALOR_OTORGADO,PAGADO) values ('434','23','72',to_timestamp('17/12/14 12:00:00,000000000 AM','DD/MM/RR HH12:MI:SSXFF AM'),'615712','SI');
Insert into PRESTAMO (ID_PRESTAMO,ID_DEUDOR,ID_BANCO,FECHA,VALOR_OTORGADO,PAGADO) values ('435','24','72',to_timestamp('08/05/19 12:00:00,000000000 AM','DD/MM/RR HH12:MI:SSXFF AM'),'556100','SI');
Insert into PRESTAMO (ID_PRESTAMO,ID_DEUDOR,ID_BANCO,FECHA,VALOR_OTORGADO,PAGADO) values ('436','25','72',to_timestamp('25/07/14 12:00:00,000000000 AM','DD/MM/RR HH12:MI:SSXFF AM'),'547805','SI');
Insert into PRESTAMO (ID_PRESTAMO,ID_DEUDOR,ID_BANCO,FECHA,VALOR_OTORGADO,PAGADO) values ('437','26','72',to_timestamp('14/11/01 12:00:00,000000000 AM','DD/MM/RR HH12:MI:SSXFF AM'),'474914','NO');
Insert into PRESTAMO (ID_PRESTAMO,ID_DEUDOR,ID_BANCO,FECHA,VALOR_OTORGADO,PAGADO) values ('438','27','72',to_timestamp('05/03/12 12:00:00,000000000 AM','DD/MM/RR HH12:MI:SSXFF AM'),'375038','NO');
Insert into PRESTAMO (ID_PRESTAMO,ID_DEUDOR,ID_BANCO,FECHA,VALOR_OTORGADO,PAGADO) values ('439','28','72',to_timestamp('18/04/18 12:00:00,000000000 AM','DD/MM/RR HH12:MI:SSXFF AM'),'365710','NO');
Insert into PRESTAMO (ID_PRESTAMO,ID_DEUDOR,ID_BANCO,FECHA,VALOR_OTORGADO,PAGADO) values ('440','29','72',to_timestamp('27/05/07 12:00:00,000000000 AM','DD/MM/RR HH12:MI:SSXFF AM'),'421970','SI');
Insert into PRESTAMO (ID_PRESTAMO,ID_DEUDOR,ID_BANCO,FECHA,VALOR_OTORGADO,PAGADO) values ('441','30','72',to_timestamp('28/08/17 12:00:00,000000000 AM','DD/MM/RR HH12:MI:SSXFF AM'),'299220','NO');
Insert into PRESTAMO (ID_PRESTAMO,ID_DEUDOR,ID_BANCO,FECHA,VALOR_OTORGADO,PAGADO) values ('442','31','72',to_timestamp('16/02/15 12:00:00,000000000 AM','DD/MM/RR HH12:MI:SSXFF AM'),'141833','SI');
Insert into PRESTAMO (ID_PRESTAMO,ID_DEUDOR,ID_BANCO,FECHA,VALOR_OTORGADO,PAGADO) values ('443','31','91',to_timestamp('06/09/14 01:31:45,725000000 PM','DD/MM/RR HH12:MI:SSXFF AM'),'777333','NO');

--------------------------------------------------------
REM INSERTING into ABONO
SET DEFINE OFF;
Insert into ABONO (ID_ABONO,ID_PRESTAMO,FECHA,VALOR_ABONO) values ('614','223',to_timestamp('02/04/13 12:00:00,000000000 AM','DD/MM/RR HH12:MI:SSXFF AM'),'262019');
Insert into ABONO (ID_ABONO,ID_PRESTAMO,FECHA,VALOR_ABONO) values ('615','224',to_timestamp('18/09/20 12:00:00,000000000 AM','DD/MM/RR HH12:MI:SSXFF AM'),'991245');
Insert into ABONO (ID_ABONO,ID_PRESTAMO,FECHA,VALOR_ABONO) values ('616','225',to_timestamp('23/08/22 12:00:00,000000000 AM','DD/MM/RR HH12:MI:SSXFF AM'),'820316');
Insert into ABONO (ID_ABONO,ID_PRESTAMO,FECHA,VALOR_ABONO) values ('617','226',to_timestamp('18/02/18 12:00:00,000000000 AM','DD/MM/RR HH12:MI:SSXFF AM'),'921314');
Insert into ABONO (ID_ABONO,ID_PRESTAMO,FECHA,VALOR_ABONO) values ('618','227',to_timestamp('20/01/11 12:00:00,000000000 AM','DD/MM/RR HH12:MI:SSXFF AM'),'13378');
Insert into ABONO (ID_ABONO,ID_PRESTAMO,FECHA,VALOR_ABONO) values ('619','228',to_timestamp('25/11/18 12:00:00,000000000 AM','DD/MM/RR HH12:MI:SSXFF AM'),'37357');
Insert into ABONO (ID_ABONO,ID_PRESTAMO,FECHA,VALOR_ABONO) values ('620','229',to_timestamp('24/12/10 12:00:00,000000000 AM','DD/MM/RR HH12:MI:SSXFF AM'),'670562');
Insert into ABONO (ID_ABONO,ID_PRESTAMO,FECHA,VALOR_ABONO) values ('621','230',to_timestamp('04/10/20 12:00:00,000000000 AM','DD/MM/RR HH12:MI:SSXFF AM'),'262114');
Insert into ABONO (ID_ABONO,ID_PRESTAMO,FECHA,VALOR_ABONO) values ('622','231',to_timestamp('15/03/21 12:00:00,000000000 AM','DD/MM/RR HH12:MI:SSXFF AM'),'54157');
Insert into ABONO (ID_ABONO,ID_PRESTAMO,FECHA,VALOR_ABONO) values ('623','232',to_timestamp('06/10/20 12:00:00,000000000 AM','DD/MM/RR HH12:MI:SSXFF AM'),'665996');
Insert into ABONO (ID_ABONO,ID_PRESTAMO,FECHA,VALOR_ABONO) values ('624','233',to_timestamp('06/07/10 12:00:00,000000000 AM','DD/MM/RR HH12:MI:SSXFF AM'),'15300');
Insert into ABONO (ID_ABONO,ID_PRESTAMO,FECHA,VALOR_ABONO) values ('625','234',to_timestamp('30/12/21 12:00:00,000000000 AM','DD/MM/RR HH12:MI:SSXFF AM'),'51547');
Insert into ABONO (ID_ABONO,ID_PRESTAMO,FECHA,VALOR_ABONO) values ('626','235',to_timestamp('30/07/22 12:00:00,000000000 AM','DD/MM/RR HH12:MI:SSXFF AM'),'277773');
Insert into ABONO (ID_ABONO,ID_PRESTAMO,FECHA,VALOR_ABONO) values ('627','236',to_timestamp('23/12/12 12:00:00,000000000 AM','DD/MM/RR HH12:MI:SSXFF AM'),'529053');
Insert into ABONO (ID_ABONO,ID_PRESTAMO,FECHA,VALOR_ABONO) values ('628','237',to_timestamp('12/04/21 12:00:00,000000000 AM','DD/MM/RR HH12:MI:SSXFF AM'),'982771');
Insert into ABONO (ID_ABONO,ID_PRESTAMO,FECHA,VALOR_ABONO) values ('629','238',to_timestamp('07/10/21 12:00:00,000000000 AM','DD/MM/RR HH12:MI:SSXFF AM'),'209663');
Insert into ABONO (ID_ABONO,ID_PRESTAMO,FECHA,VALOR_ABONO) values ('630','239',to_timestamp('17/05/21 12:00:00,000000000 AM','DD/MM/RR HH12:MI:SSXFF AM'),'117647');
Insert into ABONO (ID_ABONO,ID_PRESTAMO,FECHA,VALOR_ABONO) values ('631','240',to_timestamp('20/01/19 12:00:00,000000000 AM','DD/MM/RR HH12:MI:SSXFF AM'),'490817');
Insert into ABONO (ID_ABONO,ID_PRESTAMO,FECHA,VALOR_ABONO) values ('632','241',to_timestamp('09/08/22 12:00:00,000000000 AM','DD/MM/RR HH12:MI:SSXFF AM'),'410972');
Insert into ABONO (ID_ABONO,ID_PRESTAMO,FECHA,VALOR_ABONO) values ('633','242',to_timestamp('11/06/13 12:00:00,000000000 AM','DD/MM/RR HH12:MI:SSXFF AM'),'781717');
Insert into ABONO (ID_ABONO,ID_PRESTAMO,FECHA,VALOR_ABONO) values ('634','243',to_timestamp('18/11/15 12:00:00,000000000 AM','DD/MM/RR HH12:MI:SSXFF AM'),'37959');
Insert into ABONO (ID_ABONO,ID_PRESTAMO,FECHA,VALOR_ABONO) values ('635','244',to_timestamp('02/02/18 12:00:00,000000000 AM','DD/MM/RR HH12:MI:SSXFF AM'),'15062');
Insert into ABONO (ID_ABONO,ID_PRESTAMO,FECHA,VALOR_ABONO) values ('636','245',to_timestamp('12/11/02 12:00:00,000000000 AM','DD/MM/RR HH12:MI:SSXFF AM'),'104354');
Insert into ABONO (ID_ABONO,ID_PRESTAMO,FECHA,VALOR_ABONO) values ('637','246',to_timestamp('13/06/19 12:00:00,000000000 AM','DD/MM/RR HH12:MI:SSXFF AM'),'341849');
Insert into ABONO (ID_ABONO,ID_PRESTAMO,FECHA,VALOR_ABONO) values ('638','247',to_timestamp('01/08/17 12:00:00,000000000 AM','DD/MM/RR HH12:MI:SSXFF AM'),'274138');
Insert into ABONO (ID_ABONO,ID_PRESTAMO,FECHA,VALOR_ABONO) values ('639','248',to_timestamp('22/09/20 12:00:00,000000000 AM','DD/MM/RR HH12:MI:SSXFF AM'),'376128');
Insert into ABONO (ID_ABONO,ID_PRESTAMO,FECHA,VALOR_ABONO) values ('640','249',to_timestamp('22/09/12 12:00:00,000000000 AM','DD/MM/RR HH12:MI:SSXFF AM'),'254961');
Insert into ABONO (ID_ABONO,ID_PRESTAMO,FECHA,VALOR_ABONO) values ('641','250',to_timestamp('22/09/17 12:00:00,000000000 AM','DD/MM/RR HH12:MI:SSXFF AM'),'129706');
Insert into ABONO (ID_ABONO,ID_PRESTAMO,FECHA,VALOR_ABONO) values ('642','251',to_timestamp('19/03/18 12:00:00,000000000 AM','DD/MM/RR HH12:MI:SSXFF AM'),'269989');
Insert into ABONO (ID_ABONO,ID_PRESTAMO,FECHA,VALOR_ABONO) values ('643','252',to_timestamp('02/01/21 12:00:00,000000000 AM','DD/MM/RR HH12:MI:SSXFF AM'),'324779');
Insert into ABONO (ID_ABONO,ID_PRESTAMO,FECHA,VALOR_ABONO) values ('644','253',to_timestamp('08/08/21 12:00:00,000000000 AM','DD/MM/RR HH12:MI:SSXFF AM'),'523686');
Insert into ABONO (ID_ABONO,ID_PRESTAMO,FECHA,VALOR_ABONO) values ('645','254',to_timestamp('10/09/21 12:00:00,000000000 AM','DD/MM/RR HH12:MI:SSXFF AM'),'993824');
Insert into ABONO (ID_ABONO,ID_PRESTAMO,FECHA,VALOR_ABONO) values ('646','255',to_timestamp('08/10/03 12:00:00,000000000 AM','DD/MM/RR HH12:MI:SSXFF AM'),'444422');
Insert into ABONO (ID_ABONO,ID_PRESTAMO,FECHA,VALOR_ABONO) values ('647','256',to_timestamp('30/06/05 12:00:00,000000000 AM','DD/MM/RR HH12:MI:SSXFF AM'),'203248');
Insert into ABONO (ID_ABONO,ID_PRESTAMO,FECHA,VALOR_ABONO) values ('648','257',to_timestamp('08/06/21 12:00:00,000000000 AM','DD/MM/RR HH12:MI:SSXFF AM'),'976668');
Insert into ABONO (ID_ABONO,ID_PRESTAMO,FECHA,VALOR_ABONO) values ('649','258',to_timestamp('27/11/18 12:00:00,000000000 AM','DD/MM/RR HH12:MI:SSXFF AM'),'628705');
Insert into ABONO (ID_ABONO,ID_PRESTAMO,FECHA,VALOR_ABONO) values ('650','259',to_timestamp('09/03/22 12:00:00,000000000 AM','DD/MM/RR HH12:MI:SSXFF AM'),'8408');
Insert into ABONO (ID_ABONO,ID_PRESTAMO,FECHA,VALOR_ABONO) values ('651','260',to_timestamp('22/01/04 12:00:00,000000000 AM','DD/MM/RR HH12:MI:SSXFF AM'),'927469');
Insert into ABONO (ID_ABONO,ID_PRESTAMO,FECHA,VALOR_ABONO) values ('652','261',to_timestamp('27/11/21 12:00:00,000000000 AM','DD/MM/RR HH12:MI:SSXFF AM'),'233085');
Insert into ABONO (ID_ABONO,ID_PRESTAMO,FECHA,VALOR_ABONO) values ('653','262',to_timestamp('11/10/18 12:00:00,000000000 AM','DD/MM/RR HH12:MI:SSXFF AM'),'84170');
Insert into ABONO (ID_ABONO,ID_PRESTAMO,FECHA,VALOR_ABONO) values ('654','263',to_timestamp('09/08/20 12:00:00,000000000 AM','DD/MM/RR HH12:MI:SSXFF AM'),'934174');
Insert into ABONO (ID_ABONO,ID_PRESTAMO,FECHA,VALOR_ABONO) values ('655','264',to_timestamp('08/07/22 12:00:00,000000000 AM','DD/MM/RR HH12:MI:SSXFF AM'),'228507');
Insert into ABONO (ID_ABONO,ID_PRESTAMO,FECHA,VALOR_ABONO) values ('656','265',to_timestamp('10/07/16 12:00:00,000000000 AM','DD/MM/RR HH12:MI:SSXFF AM'),'223451');
Insert into ABONO (ID_ABONO,ID_PRESTAMO,FECHA,VALOR_ABONO) values ('657','266',to_timestamp('17/04/22 12:00:00,000000000 AM','DD/MM/RR HH12:MI:SSXFF AM'),'328207');
Insert into ABONO (ID_ABONO,ID_PRESTAMO,FECHA,VALOR_ABONO) values ('658','267',to_timestamp('29/02/16 12:00:00,000000000 AM','DD/MM/RR HH12:MI:SSXFF AM'),'47873');
Insert into ABONO (ID_ABONO,ID_PRESTAMO,FECHA,VALOR_ABONO) values ('659','268',to_timestamp('21/04/15 12:00:00,000000000 AM','DD/MM/RR HH12:MI:SSXFF AM'),'149506');
Insert into ABONO (ID_ABONO,ID_PRESTAMO,FECHA,VALOR_ABONO) values ('660','269',to_timestamp('01/06/02 12:00:00,000000000 AM','DD/MM/RR HH12:MI:SSXFF AM'),'523953');
Insert into ABONO (ID_ABONO,ID_PRESTAMO,FECHA,VALOR_ABONO) values ('661','270',to_timestamp('03/03/15 12:00:00,000000000 AM','DD/MM/RR HH12:MI:SSXFF AM'),'271597');
Insert into ABONO (ID_ABONO,ID_PRESTAMO,FECHA,VALOR_ABONO) values ('662','271',to_timestamp('04/04/20 12:00:00,000000000 AM','DD/MM/RR HH12:MI:SSXFF AM'),'725764');
Insert into ABONO (ID_ABONO,ID_PRESTAMO,FECHA,VALOR_ABONO) values ('663','272',to_timestamp('07/05/22 12:00:00,000000000 AM','DD/MM/RR HH12:MI:SSXFF AM'),'130957');
Insert into ABONO (ID_ABONO,ID_PRESTAMO,FECHA,VALOR_ABONO) values ('664','273',to_timestamp('17/03/13 12:00:00,000000000 AM','DD/MM/RR HH12:MI:SSXFF AM'),'932489');
Insert into ABONO (ID_ABONO,ID_PRESTAMO,FECHA,VALOR_ABONO) values ('665','274',to_timestamp('18/09/08 12:00:00,000000000 AM','DD/MM/RR HH12:MI:SSXFF AM'),'765950');
Insert into ABONO (ID_ABONO,ID_PRESTAMO,FECHA,VALOR_ABONO) values ('666','275',to_timestamp('12/06/14 12:00:00,000000000 AM','DD/MM/RR HH12:MI:SSXFF AM'),'395811');
Insert into ABONO (ID_ABONO,ID_PRESTAMO,FECHA,VALOR_ABONO) values ('667','276',to_timestamp('19/11/17 12:00:00,000000000 AM','DD/MM/RR HH12:MI:SSXFF AM'),'713091');
Insert into ABONO (ID_ABONO,ID_PRESTAMO,FECHA,VALOR_ABONO) values ('668','277',to_timestamp('15/05/21 12:00:00,000000000 AM','DD/MM/RR HH12:MI:SSXFF AM'),'201325');
Insert into ABONO (ID_ABONO,ID_PRESTAMO,FECHA,VALOR_ABONO) values ('669','278',to_timestamp('19/08/22 12:00:00,000000000 AM','DD/MM/RR HH12:MI:SSXFF AM'),'51999');
Insert into ABONO (ID_ABONO,ID_PRESTAMO,FECHA,VALOR_ABONO) values ('670','279',to_timestamp('07/11/20 12:00:00,000000000 AM','DD/MM/RR HH12:MI:SSXFF AM'),'913412');
Insert into ABONO (ID_ABONO,ID_PRESTAMO,FECHA,VALOR_ABONO) values ('671','280',to_timestamp('19/01/19 12:00:00,000000000 AM','DD/MM/RR HH12:MI:SSXFF AM'),'41150');
Insert into ABONO (ID_ABONO,ID_PRESTAMO,FECHA,VALOR_ABONO) values ('672','281',to_timestamp('25/11/15 12:00:00,000000000 AM','DD/MM/RR HH12:MI:SSXFF AM'),'694615');
Insert into ABONO (ID_ABONO,ID_PRESTAMO,FECHA,VALOR_ABONO) values ('673','282',to_timestamp('20/06/20 12:00:00,000000000 AM','DD/MM/RR HH12:MI:SSXFF AM'),'689209');
Insert into ABONO (ID_ABONO,ID_PRESTAMO,FECHA,VALOR_ABONO) values ('674','283',to_timestamp('26/01/22 12:00:00,000000000 AM','DD/MM/RR HH12:MI:SSXFF AM'),'599907');
Insert into ABONO (ID_ABONO,ID_PRESTAMO,FECHA,VALOR_ABONO) values ('675','284',to_timestamp('26/08/22 12:00:00,000000000 AM','DD/MM/RR HH12:MI:SSXFF AM'),'34177');
Insert into ABONO (ID_ABONO,ID_PRESTAMO,FECHA,VALOR_ABONO) values ('676','285',to_timestamp('20/07/21 12:00:00,000000000 AM','DD/MM/RR HH12:MI:SSXFF AM'),'734975');
Insert into ABONO (ID_ABONO,ID_PRESTAMO,FECHA,VALOR_ABONO) values ('677','286',to_timestamp('17/03/15 12:00:00,000000000 AM','DD/MM/RR HH12:MI:SSXFF AM'),'609431');
Insert into ABONO (ID_ABONO,ID_PRESTAMO,FECHA,VALOR_ABONO) values ('678','287',to_timestamp('17/02/21 12:00:00,000000000 AM','DD/MM/RR HH12:MI:SSXFF AM'),'901022');
Insert into ABONO (ID_ABONO,ID_PRESTAMO,FECHA,VALOR_ABONO) values ('679','288',to_timestamp('22/03/21 12:00:00,000000000 AM','DD/MM/RR HH12:MI:SSXFF AM'),'446848');
Insert into ABONO (ID_ABONO,ID_PRESTAMO,FECHA,VALOR_ABONO) values ('680','289',to_timestamp('22/05/09 12:00:00,000000000 AM','DD/MM/RR HH12:MI:SSXFF AM'),'660753');
Insert into ABONO (ID_ABONO,ID_PRESTAMO,FECHA,VALOR_ABONO) values ('681','290',to_timestamp('26/11/16 12:00:00,000000000 AM','DD/MM/RR HH12:MI:SSXFF AM'),'19500');
Insert into ABONO (ID_ABONO,ID_PRESTAMO,FECHA,VALOR_ABONO) values ('682','291',to_timestamp('24/11/05 12:00:00,000000000 AM','DD/MM/RR HH12:MI:SSXFF AM'),'706905');
Insert into ABONO (ID_ABONO,ID_PRESTAMO,FECHA,VALOR_ABONO) values ('683','292',to_timestamp('30/01/16 12:00:00,000000000 AM','DD/MM/RR HH12:MI:SSXFF AM'),'49905');
Insert into ABONO (ID_ABONO,ID_PRESTAMO,FECHA,VALOR_ABONO) values ('684','293',to_timestamp('25/06/22 12:00:00,000000000 AM','DD/MM/RR HH12:MI:SSXFF AM'),'47441');
Insert into ABONO (ID_ABONO,ID_PRESTAMO,FECHA,VALOR_ABONO) values ('685','294',to_timestamp('16/09/11 12:00:00,000000000 AM','DD/MM/RR HH12:MI:SSXFF AM'),'418151');
Insert into ABONO (ID_ABONO,ID_PRESTAMO,FECHA,VALOR_ABONO) values ('686','295',to_timestamp('27/09/01 12:00:00,000000000 AM','DD/MM/RR HH12:MI:SSXFF AM'),'469896');
Insert into ABONO (ID_ABONO,ID_PRESTAMO,FECHA,VALOR_ABONO) values ('687','296',to_timestamp('03/01/22 12:00:00,000000000 AM','DD/MM/RR HH12:MI:SSXFF AM'),'521477');
Insert into ABONO (ID_ABONO,ID_PRESTAMO,FECHA,VALOR_ABONO) values ('688','297',to_timestamp('23/11/21 12:00:00,000000000 AM','DD/MM/RR HH12:MI:SSXFF AM'),'608242');
Insert into ABONO (ID_ABONO,ID_PRESTAMO,FECHA,VALOR_ABONO) values ('689','298',to_timestamp('14/08/20 12:00:00,000000000 AM','DD/MM/RR HH12:MI:SSXFF AM'),'923401');
Insert into ABONO (ID_ABONO,ID_PRESTAMO,FECHA,VALOR_ABONO) values ('690','299',to_timestamp('13/12/19 12:00:00,000000000 AM','DD/MM/RR HH12:MI:SSXFF AM'),'733965');
Insert into ABONO (ID_ABONO,ID_PRESTAMO,FECHA,VALOR_ABONO) values ('691','300',to_timestamp('06/07/14 12:00:00,000000000 AM','DD/MM/RR HH12:MI:SSXFF AM'),'486942');
Insert into ABONO (ID_ABONO,ID_PRESTAMO,FECHA,VALOR_ABONO) values ('692','301',to_timestamp('24/09/16 12:00:00,000000000 AM','DD/MM/RR HH12:MI:SSXFF AM'),'819722');
Insert into ABONO (ID_ABONO,ID_PRESTAMO,FECHA,VALOR_ABONO) values ('693','302',to_timestamp('13/10/21 12:00:00,000000000 AM','DD/MM/RR HH12:MI:SSXFF AM'),'304253');
Insert into ABONO (ID_ABONO,ID_PRESTAMO,FECHA,VALOR_ABONO) values ('694','303',to_timestamp('12/02/18 12:00:00,000000000 AM','DD/MM/RR HH12:MI:SSXFF AM'),'456733');
Insert into ABONO (ID_ABONO,ID_PRESTAMO,FECHA,VALOR_ABONO) values ('695','304',to_timestamp('14/04/22 12:00:00,000000000 AM','DD/MM/RR HH12:MI:SSXFF AM'),'841675');
Insert into ABONO (ID_ABONO,ID_PRESTAMO,FECHA,VALOR_ABONO) values ('696','305',to_timestamp('08/03/22 12:00:00,000000000 AM','DD/MM/RR HH12:MI:SSXFF AM'),'497119');
Insert into ABONO (ID_ABONO,ID_PRESTAMO,FECHA,VALOR_ABONO) values ('697','306',to_timestamp('03/01/20 12:00:00,000000000 AM','DD/MM/RR HH12:MI:SSXFF AM'),'50759');
Insert into ABONO (ID_ABONO,ID_PRESTAMO,FECHA,VALOR_ABONO) values ('698','307',to_timestamp('12/01/15 12:00:00,000000000 AM','DD/MM/RR HH12:MI:SSXFF AM'),'38872');
Insert into ABONO (ID_ABONO,ID_PRESTAMO,FECHA,VALOR_ABONO) values ('699','308',to_timestamp('27/05/10 12:00:00,000000000 AM','DD/MM/RR HH12:MI:SSXFF AM'),'115634');
Insert into ABONO (ID_ABONO,ID_PRESTAMO,FECHA,VALOR_ABONO) values ('700','309',to_timestamp('26/08/22 12:00:00,000000000 AM','DD/MM/RR HH12:MI:SSXFF AM'),'337525');
Insert into ABONO (ID_ABONO,ID_PRESTAMO,FECHA,VALOR_ABONO) values ('701','310',to_timestamp('08/08/22 12:00:00,000000000 AM','DD/MM/RR HH12:MI:SSXFF AM'),'746948');
Insert into ABONO (ID_ABONO,ID_PRESTAMO,FECHA,VALOR_ABONO) values ('702','311',to_timestamp('21/12/13 12:00:00,000000000 AM','DD/MM/RR HH12:MI:SSXFF AM'),'386720');
Insert into ABONO (ID_ABONO,ID_PRESTAMO,FECHA,VALOR_ABONO) values ('703','312',to_timestamp('16/03/20 12:00:00,000000000 AM','DD/MM/RR HH12:MI:SSXFF AM'),'110796');
Insert into ABONO (ID_ABONO,ID_PRESTAMO,FECHA,VALOR_ABONO) values ('704','313',to_timestamp('12/02/18 12:00:00,000000000 AM','DD/MM/RR HH12:MI:SSXFF AM'),'600383');
Insert into ABONO (ID_ABONO,ID_PRESTAMO,FECHA,VALOR_ABONO) values ('705','314',to_timestamp('09/05/21 12:00:00,000000000 AM','DD/MM/RR HH12:MI:SSXFF AM'),'794887');
Insert into ABONO (ID_ABONO,ID_PRESTAMO,FECHA,VALOR_ABONO) values ('706','315',to_timestamp('28/07/18 12:00:00,000000000 AM','DD/MM/RR HH12:MI:SSXFF AM'),'744135');
Insert into ABONO (ID_ABONO,ID_PRESTAMO,FECHA,VALOR_ABONO) values ('707','316',to_timestamp('17/01/12 12:00:00,000000000 AM','DD/MM/RR HH12:MI:SSXFF AM'),'156596');
Insert into ABONO (ID_ABONO,ID_PRESTAMO,FECHA,VALOR_ABONO) values ('708','317',to_timestamp('30/11/02 12:00:00,000000000 AM','DD/MM/RR HH12:MI:SSXFF AM'),'411446');
Insert into ABONO (ID_ABONO,ID_PRESTAMO,FECHA,VALOR_ABONO) values ('709','318',to_timestamp('31/05/16 12:00:00,000000000 AM','DD/MM/RR HH12:MI:SSXFF AM'),'752725');
Insert into ABONO (ID_ABONO,ID_PRESTAMO,FECHA,VALOR_ABONO) values ('710','319',to_timestamp('06/11/16 12:00:00,000000000 AM','DD/MM/RR HH12:MI:SSXFF AM'),'84034');
Insert into ABONO (ID_ABONO,ID_PRESTAMO,FECHA,VALOR_ABONO) values ('711','320',to_timestamp('09/11/05 12:00:00,000000000 AM','DD/MM/RR HH12:MI:SSXFF AM'),'564319');
Insert into ABONO (ID_ABONO,ID_PRESTAMO,FECHA,VALOR_ABONO) values ('712','321',to_timestamp('05/06/08 12:00:00,000000000 AM','DD/MM/RR HH12:MI:SSXFF AM'),'713182');
Insert into ABONO (ID_ABONO,ID_PRESTAMO,FECHA,VALOR_ABONO) values ('713','322',to_timestamp('25/02/20 12:00:00,000000000 AM','DD/MM/RR HH12:MI:SSXFF AM'),'34175');
Insert into ABONO (ID_ABONO,ID_PRESTAMO,FECHA,VALOR_ABONO) values ('714','323',to_timestamp('04/07/21 12:00:00,000000000 AM','DD/MM/RR HH12:MI:SSXFF AM'),'85128');
Insert into ABONO (ID_ABONO,ID_PRESTAMO,FECHA,VALOR_ABONO) values ('715','324',to_timestamp('31/05/10 12:00:00,000000000 AM','DD/MM/RR HH12:MI:SSXFF AM'),'458666');
Insert into ABONO (ID_ABONO,ID_PRESTAMO,FECHA,VALOR_ABONO) values ('716','325',to_timestamp('24/05/22 12:00:00,000000000 AM','DD/MM/RR HH12:MI:SSXFF AM'),'101137');
Insert into ABONO (ID_ABONO,ID_PRESTAMO,FECHA,VALOR_ABONO) values ('717','326',to_timestamp('15/11/20 12:00:00,000000000 AM','DD/MM/RR HH12:MI:SSXFF AM'),'611805');
Insert into ABONO (ID_ABONO,ID_PRESTAMO,FECHA,VALOR_ABONO) values ('718','327',to_timestamp('29/04/15 12:00:00,000000000 AM','DD/MM/RR HH12:MI:SSXFF AM'),'431522');
Insert into ABONO (ID_ABONO,ID_PRESTAMO,FECHA,VALOR_ABONO) values ('719','328',to_timestamp('13/03/22 12:00:00,000000000 AM','DD/MM/RR HH12:MI:SSXFF AM'),'262513');
Insert into ABONO (ID_ABONO,ID_PRESTAMO,FECHA,VALOR_ABONO) values ('720','329',to_timestamp('27/02/22 12:00:00,000000000 AM','DD/MM/RR HH12:MI:SSXFF AM'),'340508');
Insert into ABONO (ID_ABONO,ID_PRESTAMO,FECHA,VALOR_ABONO) values ('721','330',to_timestamp('13/09/04 12:00:00,000000000 AM','DD/MM/RR HH12:MI:SSXFF AM'),'837571');
Insert into ABONO (ID_ABONO,ID_PRESTAMO,FECHA,VALOR_ABONO) values ('722','331',to_timestamp('30/06/22 12:00:00,000000000 AM','DD/MM/RR HH12:MI:SSXFF AM'),'371134');
Insert into ABONO (ID_ABONO,ID_PRESTAMO,FECHA,VALOR_ABONO) values ('723','332',to_timestamp('28/09/18 12:00:00,000000000 AM','DD/MM/RR HH12:MI:SSXFF AM'),'198225');
Insert into ABONO (ID_ABONO,ID_PRESTAMO,FECHA,VALOR_ABONO) values ('724','333',to_timestamp('16/04/15 12:00:00,000000000 AM','DD/MM/RR HH12:MI:SSXFF AM'),'16200');
Insert into ABONO (ID_ABONO,ID_PRESTAMO,FECHA,VALOR_ABONO) values ('725','334',to_timestamp('15/02/22 12:00:00,000000000 AM','DD/MM/RR HH12:MI:SSXFF AM'),'482899');
Insert into ABONO (ID_ABONO,ID_PRESTAMO,FECHA,VALOR_ABONO) values ('726','335',to_timestamp('05/07/09 12:00:00,000000000 AM','DD/MM/RR HH12:MI:SSXFF AM'),'86829');
Insert into ABONO (ID_ABONO,ID_PRESTAMO,FECHA,VALOR_ABONO) values ('727','336',to_timestamp('08/08/14 12:00:00,000000000 AM','DD/MM/RR HH12:MI:SSXFF AM'),'35794');
Insert into ABONO (ID_ABONO,ID_PRESTAMO,FECHA,VALOR_ABONO) values ('728','337',to_timestamp('30/05/20 12:00:00,000000000 AM','DD/MM/RR HH12:MI:SSXFF AM'),'18541');
Insert into ABONO (ID_ABONO,ID_PRESTAMO,FECHA,VALOR_ABONO) values ('729','338',to_timestamp('11/03/21 12:00:00,000000000 AM','DD/MM/RR HH12:MI:SSXFF AM'),'670937');
Insert into ABONO (ID_ABONO,ID_PRESTAMO,FECHA,VALOR_ABONO) values ('730','339',to_timestamp('14/11/18 12:00:00,000000000 AM','DD/MM/RR HH12:MI:SSXFF AM'),'394737');
Insert into ABONO (ID_ABONO,ID_PRESTAMO,FECHA,VALOR_ABONO) values ('731','340',to_timestamp('10/06/05 12:00:00,000000000 AM','DD/MM/RR HH12:MI:SSXFF AM'),'26091');
Insert into ABONO (ID_ABONO,ID_PRESTAMO,FECHA,VALOR_ABONO) values ('732','341',to_timestamp('25/11/15 12:00:00,000000000 AM','DD/MM/RR HH12:MI:SSXFF AM'),'265696');
Insert into ABONO (ID_ABONO,ID_PRESTAMO,FECHA,VALOR_ABONO) values ('733','342',to_timestamp('08/02/21 12:00:00,000000000 AM','DD/MM/RR HH12:MI:SSXFF AM'),'43814');
Insert into ABONO (ID_ABONO,ID_PRESTAMO,FECHA,VALOR_ABONO) values ('734','343',to_timestamp('19/06/22 12:00:00,000000000 AM','DD/MM/RR HH12:MI:SSXFF AM'),'592939');
Insert into ABONO (ID_ABONO,ID_PRESTAMO,FECHA,VALOR_ABONO) values ('735','344',to_timestamp('30/08/12 12:00:00,000000000 AM','DD/MM/RR HH12:MI:SSXFF AM'),'302454');
Insert into ABONO (ID_ABONO,ID_PRESTAMO,FECHA,VALOR_ABONO) values ('736','345',to_timestamp('21/06/21 12:00:00,000000000 AM','DD/MM/RR HH12:MI:SSXFF AM'),'889128');
Insert into ABONO (ID_ABONO,ID_PRESTAMO,FECHA,VALOR_ABONO) values ('737','346',to_timestamp('10/06/18 12:00:00,000000000 AM','DD/MM/RR HH12:MI:SSXFF AM'),'90875');
Insert into ABONO (ID_ABONO,ID_PRESTAMO,FECHA,VALOR_ABONO) values ('738','347',to_timestamp('29/11/21 12:00:00,000000000 AM','DD/MM/RR HH12:MI:SSXFF AM'),'62892');
Insert into ABONO (ID_ABONO,ID_PRESTAMO,FECHA,VALOR_ABONO) values ('739','348',to_timestamp('17/05/15 12:00:00,000000000 AM','DD/MM/RR HH12:MI:SSXFF AM'),'285852');
Insert into ABONO (ID_ABONO,ID_PRESTAMO,FECHA,VALOR_ABONO) values ('740','349',to_timestamp('07/04/18 12:00:00,000000000 AM','DD/MM/RR HH12:MI:SSXFF AM'),'14795');
Insert into ABONO (ID_ABONO,ID_PRESTAMO,FECHA,VALOR_ABONO) values ('741','350',to_timestamp('06/06/22 12:00:00,000000000 AM','DD/MM/RR HH12:MI:SSXFF AM'),'922981');
Insert into ABONO (ID_ABONO,ID_PRESTAMO,FECHA,VALOR_ABONO) values ('742','351',to_timestamp('03/03/21 12:00:00,000000000 AM','DD/MM/RR HH12:MI:SSXFF AM'),'624211');
Insert into ABONO (ID_ABONO,ID_PRESTAMO,FECHA,VALOR_ABONO) values ('743','352',to_timestamp('12/06/15 12:00:00,000000000 AM','DD/MM/RR HH12:MI:SSXFF AM'),'644832');
Insert into ABONO (ID_ABONO,ID_PRESTAMO,FECHA,VALOR_ABONO) values ('744','353',to_timestamp('17/10/15 12:00:00,000000000 AM','DD/MM/RR HH12:MI:SSXFF AM'),'240263');
Insert into ABONO (ID_ABONO,ID_PRESTAMO,FECHA,VALOR_ABONO) values ('745','354',to_timestamp('29/08/18 12:00:00,000000000 AM','DD/MM/RR HH12:MI:SSXFF AM'),'525905');
Insert into ABONO (ID_ABONO,ID_PRESTAMO,FECHA,VALOR_ABONO) values ('746','355',to_timestamp('17/04/16 12:00:00,000000000 AM','DD/MM/RR HH12:MI:SSXFF AM'),'89171');
Insert into ABONO (ID_ABONO,ID_PRESTAMO,FECHA,VALOR_ABONO) values ('747','356',to_timestamp('25/07/22 12:00:00,000000000 AM','DD/MM/RR HH12:MI:SSXFF AM'),'676530');
Insert into ABONO (ID_ABONO,ID_PRESTAMO,FECHA,VALOR_ABONO) values ('748','357',to_timestamp('26/06/19 12:00:00,000000000 AM','DD/MM/RR HH12:MI:SSXFF AM'),'501568');
Insert into ABONO (ID_ABONO,ID_PRESTAMO,FECHA,VALOR_ABONO) values ('749','358',to_timestamp('16/12/17 12:00:00,000000000 AM','DD/MM/RR HH12:MI:SSXFF AM'),'212020');
Insert into ABONO (ID_ABONO,ID_PRESTAMO,FECHA,VALOR_ABONO) values ('750','359',to_timestamp('21/08/17 12:00:00,000000000 AM','DD/MM/RR HH12:MI:SSXFF AM'),'62784');
Insert into ABONO (ID_ABONO,ID_PRESTAMO,FECHA,VALOR_ABONO) values ('751','360',to_timestamp('31/08/22 12:00:00,000000000 AM','DD/MM/RR HH12:MI:SSXFF AM'),'596924');
Insert into ABONO (ID_ABONO,ID_PRESTAMO,FECHA,VALOR_ABONO) values ('752','361',to_timestamp('27/06/22 12:00:00,000000000 AM','DD/MM/RR HH12:MI:SSXFF AM'),'525970');
Insert into ABONO (ID_ABONO,ID_PRESTAMO,FECHA,VALOR_ABONO) values ('753','362',to_timestamp('25/05/20 12:00:00,000000000 AM','DD/MM/RR HH12:MI:SSXFF AM'),'259850');
Insert into ABONO (ID_ABONO,ID_PRESTAMO,FECHA,VALOR_ABONO) values ('754','363',to_timestamp('06/06/21 12:00:00,000000000 AM','DD/MM/RR HH12:MI:SSXFF AM'),'309592');
Insert into ABONO (ID_ABONO,ID_PRESTAMO,FECHA,VALOR_ABONO) values ('755','364',to_timestamp('07/03/19 12:00:00,000000000 AM','DD/MM/RR HH12:MI:SSXFF AM'),'202014');
Insert into ABONO (ID_ABONO,ID_PRESTAMO,FECHA,VALOR_ABONO) values ('756','365',to_timestamp('03/04/21 12:00:00,000000000 AM','DD/MM/RR HH12:MI:SSXFF AM'),'404909');
Insert into ABONO (ID_ABONO,ID_PRESTAMO,FECHA,VALOR_ABONO) values ('757','366',to_timestamp('14/04/21 12:00:00,000000000 AM','DD/MM/RR HH12:MI:SSXFF AM'),'292080');
Insert into ABONO (ID_ABONO,ID_PRESTAMO,FECHA,VALOR_ABONO) values ('758','367',to_timestamp('19/10/19 12:00:00,000000000 AM','DD/MM/RR HH12:MI:SSXFF AM'),'706242');
Insert into ABONO (ID_ABONO,ID_PRESTAMO,FECHA,VALOR_ABONO) values ('759','368',to_timestamp('04/05/15 12:00:00,000000000 AM','DD/MM/RR HH12:MI:SSXFF AM'),'472453');
Insert into ABONO (ID_ABONO,ID_PRESTAMO,FECHA,VALOR_ABONO) values ('760','369',to_timestamp('08/06/22 12:00:00,000000000 AM','DD/MM/RR HH12:MI:SSXFF AM'),'37474');
Insert into ABONO (ID_ABONO,ID_PRESTAMO,FECHA,VALOR_ABONO) values ('761','370',to_timestamp('30/11/19 12:00:00,000000000 AM','DD/MM/RR HH12:MI:SSXFF AM'),'81066');
Insert into ABONO (ID_ABONO,ID_PRESTAMO,FECHA,VALOR_ABONO) values ('762','371',to_timestamp('25/08/19 12:00:00,000000000 AM','DD/MM/RR HH12:MI:SSXFF AM'),'269484');
Insert into ABONO (ID_ABONO,ID_PRESTAMO,FECHA,VALOR_ABONO) values ('763','372',to_timestamp('26/08/20 12:00:00,000000000 AM','DD/MM/RR HH12:MI:SSXFF AM'),'293360');
Insert into ABONO (ID_ABONO,ID_PRESTAMO,FECHA,VALOR_ABONO) values ('764','373',to_timestamp('21/07/06 12:00:00,000000000 AM','DD/MM/RR HH12:MI:SSXFF AM'),'146739');
Insert into ABONO (ID_ABONO,ID_PRESTAMO,FECHA,VALOR_ABONO) values ('765','374',to_timestamp('30/07/14 12:00:00,000000000 AM','DD/MM/RR HH12:MI:SSXFF AM'),'70718');
Insert into ABONO (ID_ABONO,ID_PRESTAMO,FECHA,VALOR_ABONO) values ('766','375',to_timestamp('14/06/14 12:00:00,000000000 AM','DD/MM/RR HH12:MI:SSXFF AM'),'239162');
Insert into ABONO (ID_ABONO,ID_PRESTAMO,FECHA,VALOR_ABONO) values ('767','376',to_timestamp('29/09/18 12:00:00,000000000 AM','DD/MM/RR HH12:MI:SSXFF AM'),'463427');
Insert into ABONO (ID_ABONO,ID_PRESTAMO,FECHA,VALOR_ABONO) values ('768','377',to_timestamp('22/12/20 12:00:00,000000000 AM','DD/MM/RR HH12:MI:SSXFF AM'),'351540');
Insert into ABONO (ID_ABONO,ID_PRESTAMO,FECHA,VALOR_ABONO) values ('769','378',to_timestamp('02/07/22 12:00:00,000000000 AM','DD/MM/RR HH12:MI:SSXFF AM'),'227891');
Insert into ABONO (ID_ABONO,ID_PRESTAMO,FECHA,VALOR_ABONO) values ('770','379',to_timestamp('16/07/21 12:00:00,000000000 AM','DD/MM/RR HH12:MI:SSXFF AM'),'695016');
Insert into ABONO (ID_ABONO,ID_PRESTAMO,FECHA,VALOR_ABONO) values ('771','380',to_timestamp('29/12/10 12:00:00,000000000 AM','DD/MM/RR HH12:MI:SSXFF AM'),'899634');
Insert into ABONO (ID_ABONO,ID_PRESTAMO,FECHA,VALOR_ABONO) values ('772','381',to_timestamp('15/07/15 12:00:00,000000000 AM','DD/MM/RR HH12:MI:SSXFF AM'),'21259');
Insert into ABONO (ID_ABONO,ID_PRESTAMO,FECHA,VALOR_ABONO) values ('773','382',to_timestamp('14/06/08 12:00:00,000000000 AM','DD/MM/RR HH12:MI:SSXFF AM'),'14601');
Insert into ABONO (ID_ABONO,ID_PRESTAMO,FECHA,VALOR_ABONO) values ('774','383',to_timestamp('06/09/17 12:00:00,000000000 AM','DD/MM/RR HH12:MI:SSXFF AM'),'103098');
Insert into ABONO (ID_ABONO,ID_PRESTAMO,FECHA,VALOR_ABONO) values ('775','384',to_timestamp('21/06/22 12:00:00,000000000 AM','DD/MM/RR HH12:MI:SSXFF AM'),'581400');
Insert into ABONO (ID_ABONO,ID_PRESTAMO,FECHA,VALOR_ABONO) values ('776','385',to_timestamp('04/06/22 12:00:00,000000000 AM','DD/MM/RR HH12:MI:SSXFF AM'),'374645');
Insert into ABONO (ID_ABONO,ID_PRESTAMO,FECHA,VALOR_ABONO) values ('777','386',to_timestamp('10/09/10 12:00:00,000000000 AM','DD/MM/RR HH12:MI:SSXFF AM'),'521616');
Insert into ABONO (ID_ABONO,ID_PRESTAMO,FECHA,VALOR_ABONO) values ('778','387',to_timestamp('14/11/11 12:00:00,000000000 AM','DD/MM/RR HH12:MI:SSXFF AM'),'253101');
Insert into ABONO (ID_ABONO,ID_PRESTAMO,FECHA,VALOR_ABONO) values ('779','388',to_timestamp('17/01/21 12:00:00,000000000 AM','DD/MM/RR HH12:MI:SSXFF AM'),'995567');
Insert into ABONO (ID_ABONO,ID_PRESTAMO,FECHA,VALOR_ABONO) values ('780','389',to_timestamp('01/02/18 12:00:00,000000000 AM','DD/MM/RR HH12:MI:SSXFF AM'),'256744');
Insert into ABONO (ID_ABONO,ID_PRESTAMO,FECHA,VALOR_ABONO) values ('781','390',to_timestamp('05/09/07 12:00:00,000000000 AM','DD/MM/RR HH12:MI:SSXFF AM'),'88623');
Insert into ABONO (ID_ABONO,ID_PRESTAMO,FECHA,VALOR_ABONO) values ('782','391',to_timestamp('01/07/18 12:00:00,000000000 AM','DD/MM/RR HH12:MI:SSXFF AM'),'400054');
Insert into ABONO (ID_ABONO,ID_PRESTAMO,FECHA,VALOR_ABONO) values ('783','392',to_timestamp('01/08/21 12:00:00,000000000 AM','DD/MM/RR HH12:MI:SSXFF AM'),'298650');
Insert into ABONO (ID_ABONO,ID_PRESTAMO,FECHA,VALOR_ABONO) values ('784','393',to_timestamp('28/01/10 12:00:00,000000000 AM','DD/MM/RR HH12:MI:SSXFF AM'),'32450');
Insert into ABONO (ID_ABONO,ID_PRESTAMO,FECHA,VALOR_ABONO) values ('785','394',to_timestamp('05/09/13 12:00:00,000000000 AM','DD/MM/RR HH12:MI:SSXFF AM'),'447229');
Insert into ABONO (ID_ABONO,ID_PRESTAMO,FECHA,VALOR_ABONO) values ('786','395',to_timestamp('14/03/22 12:00:00,000000000 AM','DD/MM/RR HH12:MI:SSXFF AM'),'119885');
Insert into ABONO (ID_ABONO,ID_PRESTAMO,FECHA,VALOR_ABONO) values ('787','396',to_timestamp('11/10/00 12:00:00,000000000 AM','DD/MM/RR HH12:MI:SSXFF AM'),'151198');
Insert into ABONO (ID_ABONO,ID_PRESTAMO,FECHA,VALOR_ABONO) values ('788','397',to_timestamp('04/07/13 12:00:00,000000000 AM','DD/MM/RR HH12:MI:SSXFF AM'),'822650');
Insert into ABONO (ID_ABONO,ID_PRESTAMO,FECHA,VALOR_ABONO) values ('789','398',to_timestamp('24/07/08 12:00:00,000000000 AM','DD/MM/RR HH12:MI:SSXFF AM'),'305314');
Insert into ABONO (ID_ABONO,ID_PRESTAMO,FECHA,VALOR_ABONO) values ('790','399',to_timestamp('01/09/06 12:00:00,000000000 AM','DD/MM/RR HH12:MI:SSXFF AM'),'608092');
Insert into ABONO (ID_ABONO,ID_PRESTAMO,FECHA,VALOR_ABONO) values ('791','400',to_timestamp('09/04/03 12:00:00,000000000 AM','DD/MM/RR HH12:MI:SSXFF AM'),'238887');
Insert into ABONO (ID_ABONO,ID_PRESTAMO,FECHA,VALOR_ABONO) values ('792','401',to_timestamp('13/02/20 12:00:00,000000000 AM','DD/MM/RR HH12:MI:SSXFF AM'),'983846');
Insert into ABONO (ID_ABONO,ID_PRESTAMO,FECHA,VALOR_ABONO) values ('793','402',to_timestamp('21/08/22 12:00:00,000000000 AM','DD/MM/RR HH12:MI:SSXFF AM'),'415439');
Insert into ABONO (ID_ABONO,ID_PRESTAMO,FECHA,VALOR_ABONO) values ('794','403',to_timestamp('13/08/18 12:00:00,000000000 AM','DD/MM/RR HH12:MI:SSXFF AM'),'341172');
Insert into ABONO (ID_ABONO,ID_PRESTAMO,FECHA,VALOR_ABONO) values ('795','404',to_timestamp('30/05/21 12:00:00,000000000 AM','DD/MM/RR HH12:MI:SSXFF AM'),'929213');
Insert into ABONO (ID_ABONO,ID_PRESTAMO,FECHA,VALOR_ABONO) values ('796','405',to_timestamp('20/03/20 12:00:00,000000000 AM','DD/MM/RR HH12:MI:SSXFF AM'),'52366');
Insert into ABONO (ID_ABONO,ID_PRESTAMO,FECHA,VALOR_ABONO) values ('797','406',to_timestamp('22/11/11 12:00:00,000000000 AM','DD/MM/RR HH12:MI:SSXFF AM'),'60875');
Insert into ABONO (ID_ABONO,ID_PRESTAMO,FECHA,VALOR_ABONO) values ('798','407',to_timestamp('07/07/04 12:00:00,000000000 AM','DD/MM/RR HH12:MI:SSXFF AM'),'618282');
Insert into ABONO (ID_ABONO,ID_PRESTAMO,FECHA,VALOR_ABONO) values ('799','408',to_timestamp('11/04/17 12:00:00,000000000 AM','DD/MM/RR HH12:MI:SSXFF AM'),'106738');
Insert into ABONO (ID_ABONO,ID_PRESTAMO,FECHA,VALOR_ABONO) values ('800','409',to_timestamp('17/09/18 12:00:00,000000000 AM','DD/MM/RR HH12:MI:SSXFF AM'),'616405');
Insert into ABONO (ID_ABONO,ID_PRESTAMO,FECHA,VALOR_ABONO) values ('801','410',to_timestamp('31/12/20 12:00:00,000000000 AM','DD/MM/RR HH12:MI:SSXFF AM'),'487375');
Insert into ABONO (ID_ABONO,ID_PRESTAMO,FECHA,VALOR_ABONO) values ('802','411',to_timestamp('23/09/09 12:00:00,000000000 AM','DD/MM/RR HH12:MI:SSXFF AM'),'85043');
Insert into ABONO (ID_ABONO,ID_PRESTAMO,FECHA,VALOR_ABONO) values ('803','412',to_timestamp('20/11/20 12:00:00,000000000 AM','DD/MM/RR HH12:MI:SSXFF AM'),'3000');
Insert into ABONO (ID_ABONO,ID_PRESTAMO,FECHA,VALOR_ABONO) values ('804','413',to_timestamp('14/07/19 12:00:00,000000000 AM','DD/MM/RR HH12:MI:SSXFF AM'),'732668');
Insert into ABONO (ID_ABONO,ID_PRESTAMO,FECHA,VALOR_ABONO) values ('805','414',to_timestamp('28/12/19 12:00:00,000000000 AM','DD/MM/RR HH12:MI:SSXFF AM'),'1');
Insert into ABONO (ID_ABONO,ID_PRESTAMO,FECHA,VALOR_ABONO) values ('806','415',to_timestamp('30/11/19 12:00:00,000000000 AM','DD/MM/RR HH12:MI:SSXFF AM'),'316739');
Insert into ABONO (ID_ABONO,ID_PRESTAMO,FECHA,VALOR_ABONO) values ('807','416',to_timestamp('31/01/18 12:00:00,000000000 AM','DD/MM/RR HH12:MI:SSXFF AM'),'82616');
Insert into ABONO (ID_ABONO,ID_PRESTAMO,FECHA,VALOR_ABONO) values ('808','417',to_timestamp('08/02/18 12:00:00,000000000 AM','DD/MM/RR HH12:MI:SSXFF AM'),'320497');
Insert into ABONO (ID_ABONO,ID_PRESTAMO,FECHA,VALOR_ABONO) values ('809','418',to_timestamp('28/08/20 12:00:00,000000000 AM','DD/MM/RR HH12:MI:SSXFF AM'),'76849');
Insert into ABONO (ID_ABONO,ID_PRESTAMO,FECHA,VALOR_ABONO) values ('810','419',to_timestamp('02/09/22 12:00:00,000000000 AM','DD/MM/RR HH12:MI:SSXFF AM'),'776562');
Insert into ABONO (ID_ABONO,ID_PRESTAMO,FECHA,VALOR_ABONO) values ('811','420',to_timestamp('02/12/19 12:00:00,000000000 AM','DD/MM/RR HH12:MI:SSXFF AM'),'480829');
Insert into ABONO (ID_ABONO,ID_PRESTAMO,FECHA,VALOR_ABONO) values ('812','421',to_timestamp('09/07/04 12:00:00,000000000 AM','DD/MM/RR HH12:MI:SSXFF AM'),'79790');
Insert into ABONO (ID_ABONO,ID_PRESTAMO,FECHA,VALOR_ABONO) values ('813','422',to_timestamp('03/10/20 12:00:00,000000000 AM','DD/MM/RR HH12:MI:SSXFF AM'),'171196');
Insert into ABONO (ID_ABONO,ID_PRESTAMO,FECHA,VALOR_ABONO) values ('814','423',to_timestamp('12/05/21 12:00:00,000000000 AM','DD/MM/RR HH12:MI:SSXFF AM'),'485376');
Insert into ABONO (ID_ABONO,ID_PRESTAMO,FECHA,VALOR_ABONO) values ('815','424',to_timestamp('09/06/06 12:00:00,000000000 AM','DD/MM/RR HH12:MI:SSXFF AM'),'280193');
Insert into ABONO (ID_ABONO,ID_PRESTAMO,FECHA,VALOR_ABONO) values ('816','425',to_timestamp('22/09/20 12:00:00,000000000 AM','DD/MM/RR HH12:MI:SSXFF AM'),'29870');
Insert into ABONO (ID_ABONO,ID_PRESTAMO,FECHA,VALOR_ABONO) values ('817','426',to_timestamp('01/09/22 12:00:00,000000000 AM','DD/MM/RR HH12:MI:SSXFF AM'),'603811');
Insert into ABONO (ID_ABONO,ID_PRESTAMO,FECHA,VALOR_ABONO) values ('818','427',to_timestamp('18/05/20 12:00:00,000000000 AM','DD/MM/RR HH12:MI:SSXFF AM'),'225813');
Insert into ABONO (ID_ABONO,ID_PRESTAMO,FECHA,VALOR_ABONO) values ('819','428',to_timestamp('16/02/18 12:00:00,000000000 AM','DD/MM/RR HH12:MI:SSXFF AM'),'463125');
Insert into ABONO (ID_ABONO,ID_PRESTAMO,FECHA,VALOR_ABONO) values ('820','429',to_timestamp('16/02/22 12:00:00,000000000 AM','DD/MM/RR HH12:MI:SSXFF AM'),'9477');
Insert into ABONO (ID_ABONO,ID_PRESTAMO,FECHA,VALOR_ABONO) values ('821','430',to_timestamp('20/12/16 12:00:00,000000000 AM','DD/MM/RR HH12:MI:SSXFF AM'),'10109');
Insert into ABONO (ID_ABONO,ID_PRESTAMO,FECHA,VALOR_ABONO) values ('822','431',to_timestamp('31/05/16 12:00:00,000000000 AM','DD/MM/RR HH12:MI:SSXFF AM'),'627791');
Insert into ABONO (ID_ABONO,ID_PRESTAMO,FECHA,VALOR_ABONO) values ('823','432',to_timestamp('07/06/07 12:00:00,000000000 AM','DD/MM/RR HH12:MI:SSXFF AM'),'556959');
Insert into ABONO (ID_ABONO,ID_PRESTAMO,FECHA,VALOR_ABONO) values ('824','433',to_timestamp('15/11/21 12:00:00,000000000 AM','DD/MM/RR HH12:MI:SSXFF AM'),'82609');
Insert into ABONO (ID_ABONO,ID_PRESTAMO,FECHA,VALOR_ABONO) values ('825','434',to_timestamp('26/09/19 12:00:00,000000000 AM','DD/MM/RR HH12:MI:SSXFF AM'),'615712');
Insert into ABONO (ID_ABONO,ID_PRESTAMO,FECHA,VALOR_ABONO) values ('826','435',to_timestamp('12/05/22 12:00:00,000000000 AM','DD/MM/RR HH12:MI:SSXFF AM'),'556100');
Insert into ABONO (ID_ABONO,ID_PRESTAMO,FECHA,VALOR_ABONO) values ('827','436',to_timestamp('25/07/17 12:00:00,000000000 AM','DD/MM/RR HH12:MI:SSXFF AM'),'547805');
Insert into ABONO (ID_ABONO,ID_PRESTAMO,FECHA,VALOR_ABONO) values ('828','437',to_timestamp('11/12/04 12:00:00,000000000 AM','DD/MM/RR HH12:MI:SSXFF AM'),'290158');
Insert into ABONO (ID_ABONO,ID_PRESTAMO,FECHA,VALOR_ABONO) values ('829','438',to_timestamp('17/07/18 12:00:00,000000000 AM','DD/MM/RR HH12:MI:SSXFF AM'),'334824');
Insert into ABONO (ID_ABONO,ID_PRESTAMO,FECHA,VALOR_ABONO) values ('830','439',to_timestamp('25/01/20 12:00:00,000000000 AM','DD/MM/RR HH12:MI:SSXFF AM'),'221007');
Insert into ABONO (ID_ABONO,ID_PRESTAMO,FECHA,VALOR_ABONO) values ('831','440',to_timestamp('04/10/07 12:00:00,000000000 AM','DD/MM/RR HH12:MI:SSXFF AM'),'421970');
Insert into ABONO (ID_ABONO,ID_PRESTAMO,FECHA,VALOR_ABONO) values ('832','441',to_timestamp('21/09/18 12:00:00,000000000 AM','DD/MM/RR HH12:MI:SSXFF AM'),'223308');
Insert into ABONO (ID_ABONO,ID_PRESTAMO,FECHA,VALOR_ABONO) values ('833','442',to_timestamp('25/08/20 12:00:00,000000000 AM','DD/MM/RR HH12:MI:SSXFF AM'),'141833');
Insert into ABONO (ID_ABONO,ID_PRESTAMO,FECHA,VALOR_ABONO) values ('841','443',to_timestamp('15/09/21 01:35:33,284000000 PM','DD/MM/RR HH12:MI:SSXFF AM'),'45668');
-----------------------------------------------------------------------------------------------------------------------------------------------------------------------------
--------------------------------------------------------
--  DDL for View VALOR_PRESTAMO_AÑO_V1
--------------------------------------------------------

CREATE OR REPLACE EDITIONABLE VIEW "VALOR_PRESTAMO_AÑO_V1" ("AÑO", "TOTAL") AS select extract(year from Fecha) as Año,sum(valor_otorgado) as Total
from Prestamo
group by extract(year from Fecha);
--------------------------------------------------------
--  DDL for View VALOR_PRESTAMO_MENSUAL_BANCO_V2
--------------------------------------------------------

  CREATE OR REPLACE EDITIONABLE VIEW "VALOR_PRESTAMO_MENSUAL_BANCO_V2" ("AÑO", "MES", "NOMBRE", "TOTAL") AS select Extract (year from prestamo.Fecha) as Año,Extract(Month from prestamo.Fecha)as Mes, Banco.nombre,sum(prestamo.valor_otorgado)as Total
from Banco,prestamo
where banco.id_banco=prestamo.id_banco
group by banco.nombre,Extract (year from prestamo.Fecha),Extract (Month from prestamo.Fecha);
--------------------------------------------------------
--  DDL for View SALDO_PRESTAMO_V3
--------------------------------------------------------

  CREATE OR REPLACE EDITIONABLE VIEW "SALDO_PRESTAMO_V3" ("NOMBRE", "VALOR_PRESTAMO", "VALOR_ABONADO", "DIFERENCIA") AS With Abono_Total (ID_Prest, Valor_Prestado, Valor_Abonado) AS
(Select P.ID_PRESTAMO, P.Valor_Otorgado, SUM (A.VALOR_ABONO)
From Prestamo P INNER JOIN Abono A ON P.ID_PRESTAMO = A.ID_PRESTAMO
Group By P.ID_Prestamo, P.Valor_Otorgado)
Select D.Nombre Nombre, A.Valor_Prestado Valor_Prestamo, A.Valor_Abonado Valor_Abonado, (A.Valor_Prestado - A.Valor_Abonado) Diferencia
From Deudor D INNER JOIN Prestamo P ON D.ID_Deudor = P.ID_Deudor INNER JOIN Abono_Total A ON P.ID_Prestamo = A.ID_Prest;
--------------------------------------------------------
--  DDL for View INFO_DEUDOR_V4
--------------------------------------------------------

  CREATE OR REPLACE EDITIONABLE VIEW "INFO_DEUDOR_V4" ("NOMBRE", "DOCUMENTO", "BANCO", "FECHA", "VALOR_DEUDA") AS select deudor.nombre Nombre,deudor.numero_doc Documento,banco.nombre Banco,prestamo.fecha Fecha,prestamo.valor_otorgado Valor_Deuda
from deudor,banco,prestamo
where deudor.id_deudor=prestamo.id_deudor and prestamo.id_banco=banco.id_banco
order by deudor.tipo_doc,deudor.numero_doc;
--------------------------------------------------------
--  DDL for View CANTIDAD_PRESTAMO_V5
--------------------------------------------------------

  CREATE OR REPLACE EDITIONABLE VIEW "CANTIDAD_PRESTAMO_V5" ("NOMBRE", "TOTAL_DEUDA") AS select deudor.nombre,nvl((select sum(prestamo.valor_otorgado)from prestamo where deudor.id_deudor=prestamo.id_deudor group by deudor.nombre),0) as Total_deuda
from deudor;
--------------------------------------------------------
--  DDL for View PRESTAMO_AÑO_TOTAL_V6
--------------------------------------------------------

  CREATE OR REPLACE EDITIONABLE VIEW "PRESTAMO_AÑO_TOTAL_V6" ("AÑO", "TOTAL") AS select 
nvl(to_char(extract(year from Fecha)),'Total') as Año,sum(valor_otorgado) as Total
from Prestamo
group by ROLLUP(extract(year from Fecha));
--------------------------------------------------------
--  DDL for View DEUDOR_TOTAL_BANCOS_V7
--------------------------------------------------------

  CREATE OR REPLACE EDITIONABLE VIEW "DEUDOR_TOTAL_BANCOS_V7" ("NOMBRE") AS with conteo_bancos(cantidad)as (select count(*) from Banco),
Conteo_Deuda(ID,Cantidad) as (select prestamo.id_deudor,count(prestamo.id_banco)from prestamo group by prestamo.id_deudor)
select deudor.nombre
from deudor,conteo_bancos,conteo_deuda
where conteo_bancos.cantidad=conteo_deuda.Cantidad and deudor.id_deudor=Conteo_deuda.ID;
--------------------------------------------------------
--  DDL for View PROMEDIO_BANCO_V8
--------------------------------------------------------

  CREATE OR REPLACE EDITIONABLE VIEW "PROMEDIO_BANCO_V8" ("NOMBRE", "AÑO", "PROMEDIO_BANCO", "PROMEDIO_GENERAL") AS with promedio_general(año,num)as( 
select extract(year from p.fecha) as año ,avg(p.id_deudor) as promedio_prestamos
from prestamo p, banco b
where p.id_banco=b.id_banco
group by extract(year from p.fecha)
order by extract(year from p.fecha)
), promedio_banco(id,año,num) as(
select p.id_banco,extract(year from p.fecha) as año, avg(p.id_deudor) as promedio
from prestamo p
group by p.id_banco,extract(year from p.fecha)
order by p.id_banco
)
select b.nombre,pg.año,round (pb.num,3) as promedio_banco,round(pg.num,3) as promedio_general
from banco b,promedio_general pg, promedio_banco pb
where pg.año=pb.año
and pb.id=b.id_banco
and pb.num>pg.num
order by b.nombre, pg.año;
--------------------------------------------------------
--  DDL for View PRESTAMOS_GENERO_V10
--------------------------------------------------------

  CREATE OR REPLACE EDITIONABLE VIEW "PRESTAMOS_GENERO_V10" ("AÑO", "MES", "FEMENINO", "MASCULINO", "TOTAL") AS select Año,Mes,Femenino,Masculino,Masculino+Femenino AS total
from
(
select 
nvl(to_char(prestamo.fecha,'YYYY'),'Total') as Año,
nvl(to_char(prestamo.fecha,'MM'),'Total') as Mes,
sum(case when deudor.genero='M' then 1 else 0 end)as Masculino,
sum(case when deudor.genero='F' then 1 else 0 end)as Femenino
from prestamo,deudor
where  prestamo.id_deudor=deudor.id_deudor
group by rollup (to_char(prestamo.fecha,'YYYY'),to_char(prestamo.fecha,'MM')));
--------------------------------------------------------
--  DDL for Punto 9
--------------------------------------------------------
UPDATE Prestamo P
SET P.Pagado = 'SI'
WHERE P.Valor_Otorgado <= (SELECT SUM(A.VALOR_ABONO)
                        FROM ABONO A
                        WHERE P.ID_PRESTAMO = A.ID_PRESTAMO)
                        
--------------------------------------------------------
-- Permisos
--------------------------------------------------------

Grant Select on valor_prestamo_año_v1 to jcarreno;
Grant Select on valor_prestamo_mensual_banco_v2 to jcarreno;
Grant Select on saldo_prestamo_v3 to jcarreno;
Grant Select on info_deudor_v4 to jcarreno;
Grant Select on cantidad_prestamo_v5 to jcarreno;
Grant Select on prestamo_año_total_v6 to jcarreno;
Grant Select on deudor_total_bancos_v7 to jcarreno;
Grant Select on promedio_banco_v8 to jcarreno;
Grant Select on prestamos_genero_v10 to jcarreno;
Grant Select on Abono to jcarreno;
Grant Select on Banco to jcarreno;
Grant Select on Deudor to jcarreno;
Grant Select on Prestamo to jcarreno;
