<?xml version="1.0" encoding="UTF-8"?>
<project-private xmlns="http://www.netbeans.org/ns/project-private/1">
    <editor-bookmarks xmlns="http://www.netbeans.org/ns/editor-bookmarks/2" lastBookmarkId="0"/>
    <open-files xmlns="http://www.netbeans.org/ns/projectui-open-files/2">
        <group>
            <file>file:/C:/Users/camil/OneDrive%20-%20Pontificia%20Universidad%20Javeriana/UNIVERSIDAD/CUARTO%20SEMESTRE/BASES%20DE%20DATOS/Proyecto/Tercera%20entrega/Pantallas/src/pantallas/MenuController.java</file>
            <file>file:/C:/Users/camil/OneDrive%20-%20Pontificia%20Universidad%20Javeriana/UNIVERSIDAD/CUARTO%20SEMESTRE/BASES%20DE%20DATOS/Proyecto/Tercera%20entrega/Pantallas/src/pantallas/Pantallas.java</file>
            <file>file:/C:/Users/camil/OneDrive%20-%20Pontificia%20Universidad%20Javeriana/UNIVERSIDAD/CUARTO%20SEMESTRE/BASES%20DE%20DATOS/Proyecto/Tercera%20entrega/Pantallas/src/pantallas/CrearRentaController.java</file>
            <file>file:/C:/Users/camil/OneDrive%20-%20Pontificia%20Universidad%20Javeriana/UNIVERSIDAD/CUARTO%20SEMESTRE/BASES%20DE%20DATOS/Proyecto/Tercera%20entrega/Pantallas/src/pantallas/IniciarSesionController.java</file>
            <file>file:/C:/Users/camil/OneDrive%20-%20Pontificia%20Universidad%20Javeriana/UNIVERSIDAD/CUARTO%20SEMESTRE/BASES%20DE%20DATOS/Proyecto/Tercera%20entrega/Pantallas/src/pantallas/ListarRentaController.java</file>
        </group>
    </open-files>
</project-private>
