<?xml version="1.0" encoding="UTF-8"?>
<project-private xmlns="http://www.netbeans.org/ns/project-private/1">
    <editor-bookmarks xmlns="http://www.netbeans.org/ns/editor-bookmarks/2" lastBookmarkId="0"/>
    <open-files xmlns="http://www.netbeans.org/ns/projectui-open-files/2">
        <group>
            <file>file:/C:/Users/camil/OneDrive%20-%20Pontificia%20Universidad%20Javeriana/UNIVERSIDAD/CUARTO%20SEMESTRE/BASES%20DE%20DATOS/Proyecto/Tercera%20entrega/Proyecto/src/accesoDatos/RepositorioPropiedad.java</file>
            <file>file:/C:/Users/camil/OneDrive%20-%20Pontificia%20Universidad%20Javeriana/UNIVERSIDAD/CUARTO%20SEMESTRE/BASES%20DE%20DATOS/Proyecto/Tercera%20entrega/Proyecto/src/accesoDatos/RepositorioRenta.java</file>
            <file>file:/C:/Users/camil/OneDrive%20-%20Pontificia%20Universidad%20Javeriana/UNIVERSIDAD/CUARTO%20SEMESTRE/BASES%20DE%20DATOS/Proyecto/Tercera%20entrega/Proyecto/src/entidades/Usuario.java</file>
            <file>file:/C:/Users/camil/OneDrive%20-%20Pontificia%20Universidad%20Javeriana/UNIVERSIDAD/CUARTO%20SEMESTRE/BASES%20DE%20DATOS/Proyecto/Tercera%20entrega/Proyecto/src/accesoDatos/RepositorioServicioxRenta.java</file>
            <file>file:/C:/Users/camil/OneDrive%20-%20Pontificia%20Universidad%20Javeriana/UNIVERSIDAD/CUARTO%20SEMESTRE/BASES%20DE%20DATOS/Proyecto/Tercera%20entrega/Proyecto/src/entidades/Renta.java</file>
            <file>file:/C:/Users/camil/OneDrive%20-%20Pontificia%20Universidad%20Javeriana/UNIVERSIDAD/CUARTO%20SEMESTRE/BASES%20DE%20DATOS/Proyecto/Tercera%20entrega/Proyecto/src/entidades/Propiedad.java</file>
            <file>file:/C:/Users/camil/OneDrive%20-%20Pontificia%20Universidad%20Javeriana/UNIVERSIDAD/CUARTO%20SEMESTRE/BASES%20DE%20DATOS/Proyecto/Tercera%20entrega/Proyecto/src/negocio/FacadeRenta.java</file>
            <file>file:/C:/Users/camil/OneDrive%20-%20Pontificia%20Universidad%20Javeriana/UNIVERSIDAD/CUARTO%20SEMESTRE/BASES%20DE%20DATOS/Proyecto/Tercera%20entrega/Proyecto/src/negocio/FacadeServicio.java</file>
            <file>file:/C:/Users/camil/OneDrive%20-%20Pontificia%20Universidad%20Javeriana/UNIVERSIDAD/CUARTO%20SEMESTRE/BASES%20DE%20DATOS/Proyecto/Tercera%20entrega/Proyecto/src/negocio/FacadeServicioxRenta.java</file>
            <file>file:/C:/Users/camil/OneDrive%20-%20Pontificia%20Universidad%20Javeriana/UNIVERSIDAD/CUARTO%20SEMESTRE/BASES%20DE%20DATOS/Proyecto/Tercera%20entrega/Proyecto/src/entidades/ServicioxRenta.java</file>
            <file>file:/C:/Users/camil/OneDrive%20-%20Pontificia%20Universidad%20Javeriana/UNIVERSIDAD/CUARTO%20SEMESTRE/BASES%20DE%20DATOS/Proyecto/Tercera%20entrega/Proyecto/src/accesoDatos/RepositorioUsuarios.java</file>
            <file>file:/C:/Users/camil/OneDrive%20-%20Pontificia%20Universidad%20Javeriana/UNIVERSIDAD/CUARTO%20SEMESTRE/BASES%20DE%20DATOS/Proyecto/Tercera%20entrega/Proyecto/src/accesoDatos/RepositorioServicio.java</file>
            <file>file:/C:/Users/camil/OneDrive%20-%20Pontificia%20Universidad%20Javeriana/UNIVERSIDAD/CUARTO%20SEMESTRE/BASES%20DE%20DATOS/Proyecto/Tercera%20entrega/Proyecto/src/entidades/Servicio.java</file>
            <file>file:/C:/Users/camil/OneDrive%20-%20Pontificia%20Universidad%20Javeriana/UNIVERSIDAD/CUARTO%20SEMESTRE/BASES%20DE%20DATOS/Proyecto/Tercera%20entrega/Proyecto/src/negocio/FacadeUsuario.java</file>
            <file>file:/C:/Users/camil/OneDrive%20-%20Pontificia%20Universidad%20Javeriana/UNIVERSIDAD/CUARTO%20SEMESTRE/BASES%20DE%20DATOS/Proyecto/Tercera%20entrega/Proyecto/src/negocio/FacadePropiedad.java</file>
            <file>file:/C:/Users/camil/OneDrive%20-%20Pontificia%20Universidad%20Javeriana/UNIVERSIDAD/CUARTO%20SEMESTRE/BASES%20DE%20DATOS/Proyecto/Tercera%20entrega/Proyecto/src/negocio/constantes.java</file>
        </group>
    </open-files>
</project-private>
